"CategoryName","CategoryName"
General archaeology,Archaeology
Biological anthropology,Branches of anthropology
Cultural anthropology,Branches of anthropology
Ethnography,Branches of anthropology
Linguistic anthropology,Branches of anthropology
Social anthropology,Branches of anthropology
Business communication,Types of communication
Computer-mediated communication,Types of communication
Mass communication,Types of communication
Organizational communication,Types of communication
Pharmacology,Health sciences
Cultural economics,Applied economics
Development economics,Applied economics
Ecological economics,Applied economics
Entrepreneurial economics,Applied economics
Financial economics,Applied economics
Green economics,Applied economics
Labor economics,Applied economics
Natural resource economics,Applied economics
Public economics,Applied economics
Rural economics,Applied economics
Physical therapy,Health sciences
Urban economics,Applied economics
World economy,Applied economics
Austrian School,Economic theories and history
Classical economics,Economic theories and history
Economic history,Economic theories and history
Economic systems,Economic theories and history
Institutional economics,Economic theories and history
Keynesian economics,Economic theories and history
Marxian economics,Economic theories and history
Neoclassical economics,Economic theories and history
Veterinary medicine,Health sciences
Empirical economics,General theoretical and empirical economics
Mathematical economics,General theoretical and empirical economics
Blended learning,EdTech
Educational robotics,EdTech
Massive open online courses,EdTech
Networked learning,EdTech
Virtual learning environment,EdTech
General educational policy,Education policy
Adult education,Educational stages
Early childhood education,Educational stages
Component engineering,Industrial engineering
Higher education,Educational stages
Primary education,Educational stages
Secondary education,Educational stages
Tertiary education,Educational stages
Vocational education,Educational stages
Learning spaces,Learning theory
Learning styles,Learning theory
Collaborative learning,Pedagogy
Direct instruction,Pedagogy
Experiential learning,Pedagogy
Manufacturing engineering,Industrial engineering
Inquiry-based learning,Pedagogy
Kinesthetic learning,Pedagogy
Learning by teaching,Pedagogy
Online learning community,Pedagogy
Open classrooms,Pedagogy
Problem-based learning,Pedagogy
Cultural geography,Human geography
Development geography,Human geography
Economic geography,Human geography
Health geography,Human geography
Reliability engineering,Industrial engineering
Historical geography,Human geography
Political geography,Human geography
Population geography,Human geography
Tourism geography,Human geography
Urban geography,Human geography
Geography of Africa,Regional geography
Geography of Antarctica,Regional geography
Geography of Asia,Regional geography
Geography of Europe,Regional geography
Geography of North America,Regional geography
Safety engineering,Industrial engineering
Geography of Oceania,Regional geography
Geography of South America,Regional geography
Computational linguistics,Applied linguistics
Forensic linguistics,Applied linguistics
Internet linguistics,Applied linguistics
Language assessment,Applied linguistics
Language documentation,Applied linguistics
Language education,Applied linguistics
Language revitalization,Applied linguistics
Anthropological linguistics,Descriptive linguistics
Artificial intelligence,Information engineering
Etymology,Descriptive linguistics
Historical linguistics,Descriptive linguistics
Language geography,Descriptive linguistics
Phonetics,Descriptive linguistics
Phonology,Descriptive linguistics
Sociolinguistics,Descriptive linguistics
Lexis,General linguistics
Morphology,General linguistics
Pragmatics,General linguistics
Semantics,General linguistics
Autonomous and mobile robotics,Information engineering
Syntax,General linguistics
Cognitive linguistics,Psycholinguistics
Language development,Psycholinguistics
Second-language acquisition,Psycholinguistics
General semiotics,Semiotics
Functional linguistics,Theoretical linguistics
Generative grammar,Theoretical linguistics
Linguistic formal semantics,Theoretical linguistics
Linguistic formalism,Theoretical linguistics
Linguistic typology,Theoretical linguistics
Control theory and engineering,Information engineering
Chemical engineering,Applied sciences
Quantitative linguistics,Theoretical linguistics
Comparative politics,Applied political science
Development studies,Applied political science
Geopolitics,Applied political science
Institutional theory,Applied political science
International relations,Applied political science
Nationalism studies,Applied political science
Peace and conflict studies,Applied political science
Policy studies,Applied political science
Political behavior,Applied political science
Information theory,Information engineering
Political economy,Applied political science
Political sociology,Applied political science
Executive branch,Branches of government
Judicial branch,Branches of government
Legislative branch,Branches of government
Anarchist schools of thought,Political theory and philosophy
Democracy,Political theory and philosophy
International relations theory,Political theory and philosophy
Majoritarianism,Political theory and philosophy
Marxist schools of thought,Political theory and philosophy
Signal processing,Information engineering
Political philosophy,Political theory and philosophy
Postcolonialism,Political theory and philosophy
Theories of state,Political theory and philosophy
Applied behavior analysis,Applied psychology
Clinical psychology,Applied psychology
Community psychology,Applied psychology
Consumer behaviour,Applied psychology
Counseling psychology,Applied psychology
Critical psychology,Applied psychology
Educational psychology,Applied psychology
Acoustical engineering,Mechanical engineering
Environmental psychology,Applied psychology
Human factors and ergonomics,Applied psychology
Industrial and organizational psychology,Applied psychology
Medical psychology,Applied psychology
Occupational health psychology,Applied psychology
Political psychology,Applied psychology
Psychology of religion,Applied psychology
Abnormal psychology,Basic psychology
Behavioral psychology,Basic psychology
Cognitive psychology,Basic psychology
Industrial plant engineering,Mechanical engineering
Comparative psychology,Basic psychology
Cross-cultural psychology,Basic psychology
Cultural psychology,Basic psychology
Developmental psychology,Basic psychology
Differential psychology,Basic psychology
Evolutionary psychology,Basic psychology
Experimental psychology,Basic psychology
Mathematical psychology,Basic psychology
Neuropsychology,Basic psychology
Personality psychology,Basic psychology
Mechatronics and robotics,Mechanical engineering
Positive psychology,Basic psychology
Psychodynamic psychotherapy,Basic psychology
Psychometrics,Basic psychology
Quantitative psychology,Basic psychology
Social psychology,Basic psychology
Behaviorist school,Schools of psychology
Cognitivist school,Schools of psychology
Functionalist school,Schools of psychology
Gestalt therapy,Schools of psychology
Humanistic school,Schools of psychology
Thermal engineering,Mechanical engineering
Psychoanalytic school,Schools of psychology
Systems psychology,Schools of psychology
Demography,Applied sociology
Economic sociology,Applied sociology
Environmental sociology,Applied sociology
Industrial sociology,Applied sociology
Rural sociology,Applied sociology
Social structure,Applied sociology
Sociology of culture,Applied sociology
Sociology of education,Applied sociology
Vehicle engineering,Mechanical engineering
Urban sociology,Applied sociology
General history of sociology,History of sociology
Comparative historical research,Sociological methodologies
Computational sociology,Sociological methodologies
Qualitative research,Sociological methodologies
Quantitative research,Sociological methodologies
Conflict theories,Sociological theories
Critical theory,Sociological theories
Positivism,Sociological theories
Social constructionism,Sociological theories
Applied systems science,Systems science and engineering
Structural functionalism,Sociological theories
Symbolic interactionism,Sociological theories
Climate change,Global change
Resource recovery,Waste management and resource recovery
Waste management,Waste management and resource recovery
Earthworks,Geotechnical investigation
Foundations,Geotechnical investigation
Offshore geotechnical engineering,Geotechnical investigation
Retaining walls,Geotechnical investigation
Soil mechanics,Geotechnical investigation
Theoretical systems science,Systems science and engineering
Concentrated solar power,Solar engineering
Photovoltaics,Solar engineering
Aviation,Aerospace engineering
Spaceflight,Aerospace engineering
Marine propulsion,Marine engineering
Ocean engineering,Marine engineering
Dependence logic,First-order logic
Intensional logic,First-order logic
Fuzzy logic,Many-valued logic
Alethic logic,Modal logic
Classical logic,Logic
Civil Engineering,Applied sciences
Classical modal logic,Modal logic
Deontic logic,Modal logic
Doxastic logic,Modal logic
Epistemic logic,Modal logic
Interpretability logic,Modal logic
Provability logic,Modal logic
Temporal logic,Modal logic
Affine logic,Substructural logic
Bunched logic,Substructural logic
Linear logic,Substructural logic
Informal logic,Logic
Relevance logic,Substructural logic
Algebra structures,Abstract algebra
Field structures,Abstract algebra
Group structures,Abstract algebra
Lattice structures,Abstract algebra
Module structures,Abstract algebra
Ring structures,Abstract algebra
Bronze Age,Prehistory
Iron Age,Prehistory
Stone Age,Prehistory
Non-classical logic,Logic
Atomic Age,Contemporary history
Information Age,Contemporary history
Space Age,Contemporary history
Age of Discovery,Early modern period
Age of Enlightenment,Early modern period
Industrial Revolution,Late modern period
World War I,Late modern period
World War II,Late modern period
Maya civilization,Mesoamerican chronology
Intellectual property,Copyright law
Algebra,Mathematics
Christianity,Abrahamic religions
Islam,Abrahamic religions
Judaism,Abrahamic religions
Chinese folk religion,East Asian religions
Confucianism,East Asian religions
Shinto,East Asian religions
Taoism,East Asian religions
Buddhism,Indian religions
Hinduism,Indian religions
Jainism,Indian religions
Analysis,Mathematics
Sikhism,Indian religions
Zoroastrianism,Iranian religions
Agnosticism,Irreligion
Atheism,Irreligion
Quantum cosmology,Physical cosmology
Biodiversity,Conservation biology
Mass media,Mass communication
Free market,Economic systems
Planned economy,Economic systems
Econometrics,Empirical economics
Discrete mathematics,Mathematics
Macroeconomics,Mathematical economics
Microeconomics,Mathematical economics
Comparative linguistics,Historical linguistics
Discourse analysis,Sociolinguistics
Post-structuralism,General semiotics
Structuralism,General semiotics
Democratization,Comparative politics
Electoral system,Comparative politics
Multi-level governance,Comparative politics
Political parties,Comparative politics
Geometry,Mathematics
Political polarization,Comparative politics
Politicisation,Comparative politics
Suffrage,Comparative politics
Voting,Comparative politics
Irredentism,Nationalism studies
Revanchism,Nationalism studies
Human impact on the environment,Environmental sociology
Mathematical logic,Mathematics
Number theory,Mathematics
Probability theory,Mathematics
Topology,Mathematics
Computer engineering,Applied sciences
Trigonometry,Mathematics
Computational statistics,Statistics
Data analysis,Statistics
Data collection,Statistics
Descriptive statistics,Statistics
Directional statistics,Statistics
Statistical inference,Statistics
Algorithms and data structures,Theoretical computer science
Programming language theory and formal methods,Theoretical computer science
Theory of computation,Theoretical computer science
Electrical engineering,Applied sciences
Performing arts,Art
Visual arts,Art
Ancient history,History
Historical methodology,History
Modern era,History
Overview of history,History
Post-classical history,History
Pre-Columbian history of the Americas,History
Subfields of history,History
Branches of law,Law
Energy engineering,Applied sciences
Law enforcement,Law
Legal systems,Law
Forms of literature,Literature
Literary history,Literature
Literary theory and criticism,Literature
Branches of philosophy,Philosophy
Philosophy by period,Philosophy
Belief systems,Religion
Study of religion,Religion
Astrobiology,Astronomy
Health sciences,Applied sciences
Astrochemistry,Astronomy
Astrodynamics,Astronomy
Astronomical techniques,Astronomy
Astrophysics,Astronomy
Planetary science,Astronomy
Space environment,Astronomy
Anatomy,Biology
Biophysics,Biology
Botany,Biology
Cell biology,Biology
Industrial engineering,Applied sciences
Chronobiology,Biology
Developmental biology,Biology
Ecology,Biology
Epidemiology,Biology
Evolutionary biology,Biology
Genetics,Biology
Marine biology,Biology
Mathematical biology,Biology
Microbiology,Biology
Molecular biology,Biology
Information engineering,Applied sciences
Neuroscience,Biology
Physiology,Biology
Zoology,Biology
Analytical chemistry,Chemistry
Computational chemistry,Chemistry
Inorganic chemistry,Chemistry
Nuclear chemistry,Chemistry
Organic chemistry,Chemistry
Physical chemistry,Chemistry
Atmospheric science,Earth science
Mechanical engineering,Applied sciences
Geology,Earth science
Oceanography,Earth science
Physical geography,Earth science
Technical and computational geography,Earth science
"Atomic, molecular, and optical physics",Physics
Computational physics,Physics
Condensed matter physics,Physics
Electromagnetism,Physics
Mechanics,Physics
Nuclear and particle physics,Physics
Systems science and engineering,Applied sciences
Applied sciences,Knowledge
Quantum mechanics,Physics
Relativity,Physics
Statistical mechanics and thermodynamics,Physics
Archaeology,Anthropology
Branches of anthropology,Anthropology
Types of communication,Communication studies
Applied economics,Economics
Economic theories and history,Economics
General theoretical and empirical economics,Economics
EdTech,Education
Logic,Formal sciences
Education policy,Education
Educational stages,Education
Learning theory,Education
Pedagogy,Education
Human geography,Geography
Regional geography,Geography
Applied linguistics,Linguistics
Descriptive linguistics,Linguistics
General linguistics,Linguistics
Psycholinguistics,Linguistics
Mathematics,Formal sciences
Semiotics,Linguistics
Theoretical linguistics,Linguistics
Applied political science,Political science
Branches of government,Political science
Political theory and philosophy,Political science
Applied psychology,Psychology
Basic psychology,Psychology
Schools of psychology,Psychology
Applied sociology,Sociology
History of sociology,Sociology
Statistics,Formal sciences
Sociological methodologies,Sociology
Sociological theories,Sociology
Agronomy,Agriculture
Fungiculture,Agriculture
Heliciculture,Agriculture
Sericulture,Agriculture
Beekeeping,Animal husbandry
Dairy farming,Animal husbandry
Insect farming,Animal husbandry
Meat industry,Animal husbandry
Theoretical computer science,Formal sciences
Poultry farming,Animal husbandry
Algaculture,Aquaculture
Fish farming,Aquaculture
Oyster farming,Aquaculture
Shrimp farming,Aquaculture
Food chemistry,Food science
Food engineering,Food science
Food microbiology,Food science
Food physical chemistry,Food science
Foodomics,Food science
Art,Humanities
Nutritional science,Food science
Arboriculture,Forestry
Silviculture,Forestry
Floriculture,Horticulture
Hydroponics,Horticulture
Olericulture,Horticulture
Pomology,Horticulture
Viticulture,Horticulture
Architectural design values,Architectural theory
Architecture criticism,Architectural theory
History,Humanities
Mathematics and architecture,Architectural theory
Pattern language,Architectural theory
Space syntax,Architectural theory
Brutalist architecture,Current and historical architectural styles
History of architectural styles,Current and historical architectural styles
International Style,Current and historical architectural styles
Modern architecture,Current and historical architectural styles
Postmodern architecture,Current and historical architectural styles
General biological systems engineering,Biological systems engineering
General biomechanical engineering,Biomechanical engineering
Law,Humanities
Bionics,Biomedical engineering
Clinical engineering,Biomedical engineering
Genetic engineering,Biomedical engineering
Neural engineering,Biomedical engineering
Pharmaceutical engineering,Biomedical engineering
Tissue engineering,Biomedical engineering
General bioprocess engineering,Bioprocess engineering
Biochemical engineering,Biotechnology
Bioinformatics,Biotechnology
Biomimetics,Biotechnology
Literature,Humanities
Biorobotics,Biotechnology
General biotech,Biotechnology
Genetic modification,Biotechnology
Medical image computing,Biotechnology
Synthetic biology,Biotechnology
General ergonomics,Ergonomics
Audit,Accounting
Financial accounting,Accounting
Management accounting,Accounting
Corporate finance,Finance
Philosophy,Humanities
Financial risk management,Finance
Investment management,Finance
Personal finance,Finance
Public finance,Finance
Quantitative finance,Finance
Asset management,General business management
Business process management,General business management
Change management,General business management
Communications management,General business management
Conflict management,General business management
Religion,Humanities
Formal sciences,Knowledge
Constraint management,General business management
Crisis management,General business management
Customer relationship management,General business management
Data management,General business management
Design management,General business management
Human resource management,General business management
Knowledge management,General business management
Operations management,General business management
Organization development,General business management
Organizational planning,General business management
Astronomy,Natural sciences
Product management,General business management
Project management,General business management
Quality management,General business management
Resource management,General business management
Risk management,General business management
Skills management,General business management
Strategic planning,General business management
Marketing management,Marketing
Product distribution,Marketing
Product pricing,Marketing
Biology,Natural sciences
Product promotion,Marketing
Products,Marketing
Logistics,Supply chain and procurement
Procurement,Supply chain and procurement
Supply chain management,Supply chain and procurement
Chemical reactors and reactions,Chemical reaction engineering
General electrochemical engineering,Electrochemical engineering
Biomaterials science,Materials science
Ceramic engineering,Materials science
Crystal engineering,Materials science
Chemistry,Natural sciences
Metallurgy,Materials science
Polymer engineering,Materials science
Biomolecular engineering,Molecular engineering and nanotechnology
Molecular engineering,Molecular engineering and nanotechnology
Nanotechnology,Molecular engineering and nanotechnology
Drilling engineering,Petroleum engineering
Petroleum production engineering,Petroleum engineering
Reservoir engineering,Petroleum engineering
Subsurface engineering,Petroleum engineering
Cosmetics,Process engineering
Earth science,Natural sciences
Household chemicals,Process engineering
Paper engineering,Process engineering
Petroleum products,Process engineering
Plastics engineering,Process engineering
Textile manufacturing,Process engineering
General architectural engineering,Architectural engineering
General construction engineering,Construction engineering
Earthquake-resistant structures,Earthquake engineering
Seismic analysis,Earthquake engineering
Air pollution,Environmental engineering
Physics,Natural sciences
Environmental chemistry,Environmental engineering
Global change,Environmental engineering
Growth models,Environmental engineering
Waste management and resource recovery,Environmental engineering
Water pollution,Environmental engineering
Geotechnical investigation,Geotechnical engineering
General mining engineering,Mining engineering
Practical structural engineering,Structural engineering
Structural engineering theory,Structural engineering
Highway engineering,Transportation engineering
Anthropology,Social sciences
Traffic engineering,Transportation engineering
Coastal engineering,Water resources engineering
Hydraulic engineering,Water resources engineering
Hydrogeology,Water resources engineering
River engineering,Water resources engineering
Compilers,Computer architecture
Dependable systems,Computer architecture
Embedded systems,Computer architecture
Input-Output,Computer architecture
Interpreters,Computer architecture
Communication studies,Social sciences
Microarchitecture,Computer architecture
Multiprocessing,Computer architecture
Operating systems,Computer architecture
Processing units,Computer architecture
Processor design,Computer architecture
Real-time computing,Computer architecture
Systems architecture,Computer architecture
Ubiquitous computing,Computer architecture
"2D computer graphics",Computer graphics
Computer animation,Computer graphics
Economics,Social sciences
Mixed reality,Computer graphics
Rendering,Computer graphics
Solid modeling,Computer graphics
Virtual reality,Computer graphics
Communication protocol,Computer networks
Data transmission,Computer networks
Internet,Computer networks
Local area networks,Computer networks
Network nodes,Computer networks
Blockchain,Computer security and cryptography
Education,Social sciences
Computer security threats,Computer security and cryptography
Cryptography,Computer security and cryptography
Cloud databases,Databases
Content repositories,Databases
Data warehouses,Databases
Distributed databases,Databases
Document-oriented databases,Databases
Event stores,Databases
Federated database systems,Databases
Graph databases,Databases
Geography,Social sciences
Humanities,Knowledge
Knowledge graphs,Databases
Relational databases,Databases
Unstructured data,Databases
Application-specific integrated circuit,Hardware engineering
Hardware description language,Hardware engineering
Microprocessors,Hardware engineering
Very Large Scale Integration,Hardware engineering
Distributed computing,Parallel and distributed computing
Parallel computing,Parallel and distributed computing
Humanâ€“computer interaction,Software and application development
Linguistics,Social sciences
Mobile app development,Software and application development
Software design,Software and application development
Software development kits,Software and application development
Software development process,Software and application development
Software quality,Software and application development
Video game development,Software and application development
Web development,Software and application development
General electromechanics,Electromechanics
Analogue electronics,Electronic engineering
Consumer electronics,Electronic engineering
Political science,Social sciences
Digital electronics,Electronic engineering
Power electronics,Electronic engineering
General microwave engineering,Microwave engineering
General optical engineering,Optical engineering
General photonics,Photonics
Electric power distribution,Power engineering
Electric power transmission,Power engineering
Electricity generation,Power engineering
Power system protection,Power engineering
General RF engineering,Radio-frequency engineering
Psychology,Social sciences
General telecommunications,Telecommunications engineering
Wired communication,Telecommunications engineering
Wireless communication,Telecommunications engineering
Fossil fuel power,Non-renewable energy
Nuclear power,Non-renewable energy
Geothermal power,Renewable energy
Hydroelectricity,Renewable energy
Solar engineering,Renewable energy
Tidal power,Renewable energy
Wind energy,Renewable energy
Sociology,Social sciences
Endodontics,Dentistry
Minimal intervention dentistry,Dentistry
Oral and maxillofacial pathology,Dentistry
Oral and maxillofacial surgery,Dentistry
Oral medicine,Dentistry
Orthodontics,Dentistry
Pediatric dentistry,Dentistry
Periodontology,Dentistry
Prosthodontics,Dentistry
Anesthesiology,Medicine
Agriculture,Agricultural and food sciences
Cardiology,Medicine
Dermatology,Medicine
Emergency medicine,Medicine
Endocrinology,Medicine
First aid,Medicine
Gastroenterology,Medicine
Gynaecology,Medicine
Hematology,Medicine
Hepatology,Medicine
Immunology,Medicine
Animal husbandry,Agricultural and food sciences
Infectious diseases,Medicine
Intensive care medicine,Medicine
Internal medicine,Medicine
Nephrology,Medicine
Neurology,Medicine
Obstetrics,Medicine
Occupational medicine,Medicine
Ophthalmology,Medicine
Orthopedics,Medicine
Otorhinolaryngology,Medicine
Aquaculture,Agricultural and food sciences
Pathology,Medicine
Pediatrics,Medicine
Preventive healthcare,Medicine
Psychiatry,Medicine
Pulmonology,Medicine
Radiology,Medicine
Rheumatology,Medicine
Toxicology,Medicine
Urology,Medicine
Nursing process,Nursing
Food science,Agricultural and food sciences
Nursing theory,Nursing
General optometry,Optometry
Drug development,Pharmacology
Drug discovery,Pharmacology
Neuropharmacology,Pharmacology
Pharmaceutics,Pharmacology
Pharmacoepigenetics,Pharmacology
Pharmacogenomics,Pharmacology
Pharmacognosy,Pharmacology
Pharmacokinetics,Pharmacology
Forestry,Agricultural and food sciences
Pharmacometabolomics,Pharmacology
Pharmacomicrobiomics,Pharmacology
Psychopharmacology,Pharmacology
General physical therapy,Physical therapy
Neurological rehabilitation,Physical therapy
Sports medicine,Physical therapy
General veterinary medicine,Veterinary medicine
General component engineering,Component engineering
General manufacturing engineering,Manufacturing engineering
General reliability engineering,Reliability engineering
Horticulture,Agricultural and food sciences
Natural sciences,Knowledge
Failure mode and effects analysis,Safety engineering
Fault tree analysis,Safety engineering
Algorithmic game theory,Artificial intelligence
Artificial neural networks,Artificial intelligence
Automated planning and scheduling,Artificial intelligence
Computer vision,Artificial intelligence
Data science,Artificial intelligence
General machine learning,Artificial intelligence
Knowledge representation and reasoning,Artificial intelligence
Natural language processing,Artificial intelligence
Architectural theory,Architecture
Reinforcement learning,Artificial intelligence
Speech recognition,Artificial intelligence
Supervised learning,Artificial intelligence
Unsupervised learning,Artificial intelligence
Autonomous robots,Autonomous and mobile robotics
Mobile robots,Autonomous and mobile robotics
Control system,Control theory and engineering
Control theory,Control theory and engineering
Algorithmic information theory,Information theory
Channel capacity,Information theory
Current and historical architectural styles,Architecture
Coding theory,Information theory
Detection theory,Information theory
Kolmogorov complexity,Information theory
Quantities of information,Information theory
Analog signal processing,Signal processing
Audio signal processing,Signal processing
Digital image processing,Signal processing
Digital signal processing,Signal processing
Speech synthesis,Signal processing
Video processing,Signal processing
Biological systems engineering,Biological engineering and technology
Aeroacoustics,Acoustical engineering
Architectural acoustics,Acoustical engineering
Audio engineering,Acoustical engineering
Musical acoustics,Acoustical engineering
Noise control,Acoustical engineering
Ultrasound,Acoustical engineering
Underwater acoustics,Acoustical engineering
Vibration and dynamics,Acoustical engineering
Conveyor system,Industrial plant engineering
Hydraulics,Industrial plant engineering
Biomechanical engineering,Biological engineering and technology
Pneumatics,Industrial plant engineering
Mechatronics engineering,Mechatronics and robotics
Robotics,Mechatronics and robotics
Air conditioning,Thermal engineering
Heating,Thermal engineering
Refrigeration,Thermal engineering
Ventilation,Thermal engineering
Aerospace engineering,Vehicle engineering
Automotive engineering,Vehicle engineering
Marine engineering,Vehicle engineering
Biomedical engineering,Biological engineering and technology
Naval architecture,Vehicle engineering
Railway engineering,Vehicle engineering
Critical systems thinking,Applied systems science
Soft systems methodology,Applied systems science
System dynamics,Applied systems science
Systemic design,Applied systems science
Systems engineering,Applied systems science
Viable system model,Applied systems science
Chaos theory,Theoretical systems science
Complex systems,Theoretical systems science
Bioprocess engineering,Biological engineering and technology
Cybernetics,Theoretical systems science
First-order logic,Classical logic
Higher-order logic,Classical logic
Propositional logic,Classical logic
Second-order logic,Classical logic
Term logic,Classical logic
Topical logic,Classical logic
General informal logic,Informal logic
Computability logic,Non-classical logic
Description logic,Non-classical logic
Biotechnology,Biological engineering and technology
Deviant logic,Non-classical logic
Dynamic semantics,Non-classical logic
Imperative logic,Non-classical logic
Infinitary logic,Non-classical logic
Intuitionistic logic,Non-classical logic
Many-valued logic,Non-classical logic
Modal logic,Non-classical logic
Non-monotonic logic,Non-classical logic
Non-reflexive logic,Non-classical logic
Paraconsistent logic,Non-classical logic
Ergonomics,Biological engineering and technology
Substructural logic,Non-classical logic
Abstract algebra,Algebra
Category theory,Algebra
Differential algebra,Algebra
Elementary algebra,Algebra
Exterior algebra,Algebra
Homological algebra,Algebra
Lie algebra,Algebra
Linear algebra,Algebra
Multilinear algebra,Algebra
Accounting,Business and finance
Representation theory,Algebra
Universal algebra,Algebra
Approximation theory,Analysis
Calculus,Analysis
Complex analysis,Analysis
Differential anaysis,Analysis
Distribution theory,Analysis
Functional analysis,Analysis
Harmonic analysis,Analysis
Measure theory,Analysis
Finance,Business and finance
Social sciences,Knowledge
Non-standard analysis,Analysis
Numerical analysis,Analysis
Real analysis,Analysis
Scalar analysis,Analysis
Tensor analysis,Analysis
Vector analysis,Analysis
p-adic analysis,Analysis
Combinatorics,Discrete mathematics
Discrete calculus,Discrete mathematics
Discrete differential geometry,Discrete mathematics
General business management,Business and finance
Discrete exterior calculus,Discrete mathematics
Discrete geometry,Discrete mathematics
Discrete optimization,Discrete mathematics
Graph theory,Discrete mathematics
Order theory,Discrete mathematics
Affine geometry,Geometry
Algebraic geometry,Geometry
Complex geometry,Geometry
Convex geometry,Geometry
Differential geometry,Geometry
Marketing,Business and finance
Euclidean geometry,Geometry
Geometric group theory,Geometry
Non-Euclidean geometry,Geometry
Projective geometry,Geometry
Algebraic logic,Mathematical logic
Boolean logic,Mathematical logic
Categorical logic,Mathematical logic
Free logic,Mathematical logic
Intermediate logic,Mathematical logic
Metalogic,Mathematical logic
Supply chain and procurement,Business and finance
Metamathematics,Mathematical logic
Model theory,Mathematical logic
Probabilistic logic,Mathematical logic
Proof theory,Mathematical logic
Quantum logic,Mathematical logic
Set theory,Mathematical logic
Additive number theory,Number theory
Algebraic number theory,Number theory
Analytic number theory,Number theory
Computational number theory,Number theory
Chemical reaction engineering,Chemical engineering
Elementary number theory,Number theory
Geometric number theory,Number theory
Probabilistic number theory,Number theory
Bayesian probability,Probability theory
Classical probability,Probability theory
Frequentist probability,Probability theory
Propensity probability,Probability theory
Algebraic topology,Topology
Differential topology,Topology
General topology,Topology
Electrochemical engineering,Chemical engineering
Geometric topology,Topology
Generalized trigonometry,Trigonometry
Rational trigonometry,Trigonometry
Spherical trigonometry,Trigonometry
Trigonometric differentiation,Trigonometry
Trigonometric functions,Trigonometry
Trigonometric identities,Trigonometry
Trigonometric integration,Trigonometry
Trigonometric interpolation,Trigonometry
Trigonometric polynomials,Trigonometry
Materials science,Chemical engineering
Trigonometric series,Trigonometry
Trigonometric substitution,Trigonometry
General computational statistics,Computational statistics
Cross-validation,Data analysis
Density estimation,Data analysis
Functional data analysis,Data analysis
Regression analysis,Data analysis
Resampling,Data analysis
Robust statistics,Data analysis
Statistical classification,Data analysis
Molecular engineering and nanotechnology,Chemical engineering
Survival analysis,Data analysis
Time series,Data analysis
Design of experiments,Data collection
Experiment,Data collection
Observational study,Data collection
Opinion poll,Data collection
Statistical sampling,Data collection
Survey methodology,Data collection
Correlations,Descriptive statistics
Count data,Descriptive statistics
Petroleum engineering,Chemical engineering
Probability distributions,Descriptive statistics
Statistical graphics,Descriptive statistics
Summary statistics,Descriptive statistics
General directional statistics,Directional statistics
Algebraic statistics,Statistical inference
Bayesian inference,Statistical inference
Decision theory,Statistical inference
Estimation theory,Statistical inference
Exact statistics,Statistical inference
Extreme value theory,Statistical inference
Process engineering,Chemical engineering
Foundations of statistics,Statistical inference
Frequentist inference,Statistical inference
High-dimensional statistics,Statistical inference
Mathematical statistics,Statistical inference
Multivariate statistics,Statistical inference
Non-parametric statistics,Statistical inference
Parametric statistics,Statistical inference
Statistical hypothesis testing,Statistical inference
Statistical learning theory,Statistical inference
Statistical modelling,Statistical inference
Architectural engineering,Civil Engineering
Agricultural and food sciences,Applied sciences
Statistical theory,Statistical inference
Algorithmics,Algorithms and data structures
Analysis of algorithms,Algorithms and data structures
Combinatorial optimization,Algorithms and data structures
Computational geometry,Algorithms and data structures
Data structures,Algorithms and data structures
Randomized algorithms,Algorithms and data structures
Automated theorem proving,Programming language theory and formal methods
Formal languages,Programming language theory and formal methods
Formal semantics,Programming language theory and formal methods
Construction engineering,Civil Engineering
Formal verification,Programming language theory and formal methods
Programming languages,Programming language theory and formal methods
Type theory,Programming language theory and formal methods
Automata theory,Theory of computation
Cellular automatons,Theory of computation
Computability theory,Theory of computation
Computational complexity theory,Theory of computation
Logic circuits,Theory of computation
Models of computation,Theory of computation
Quantum computing,Theory of computation
Earthquake engineering,Civil Engineering
Dance,Performing arts
Music,Performing arts
Theatre,Performing arts
Drawing,Visual arts
Painting,Visual arts
Sculpture,Visual arts
Classical antiquity,Ancient history
Prehistory,Ancient history
Historiography,Historical methodology
Contemporary history,Modern era
Environmental engineering,Civil Engineering
Early modern period,Modern era
Late modern period,Modern era
General history,Overview of history
Early Middle Ages,Post-classical history
High Middle Ages,Post-classical history
Late Middle Ages,Post-classical history
Mesoamerican chronology,Pre-Columbian history of the Americas
Art history,Subfields of history
Cultural history,Subfields of history
Futures studies,Subfields of history
Geotechnical engineering,Civil Engineering
History of science,Subfields of history
Military history,Subfields of history
Political history,Subfields of history
Social history,Subfields of history
Urban history,Subfields of history
Women's history,Subfields of history
Administrative law,Branches of law
Copyright law,Branches of law
Criminal law,Branches of law
International law,Branches of law
Mining engineering,Civil Engineering
Municipal law,Branches of law
Procedural law,Branches of law
Public law,Branches of law
Substantive law,Branches of law
Criminal investigation,Law enforcement
Criminal procedure,Law enforcement
Forensic science,Law enforcement
Civil law,Legal systems
Common law,Legal systems
Religious law,Legal systems
Structural engineering,Civil Engineering
Drama,Forms of literature
Poetry,Forms of literature
Prose,Forms of literature
History of literature,Literary history
Literary movements,Literary history
Writers,Literary history
Literary criticism,Literary theory and criticism
Literary theory,Literary theory and criticism
Aesthetics,Branches of philosophy
Epistemology,Branches of philosophy
Transportation engineering,Civil Engineering
Ethics,Branches of philosophy
Metaphilosophy,Branches of philosophy
Metaphysics,Branches of philosophy
Philosophy of language,Branches of philosophy
Philosophy of mind,Branches of philosophy
Philosophy of religion,Branches of philosophy
Philosophy of science,Branches of philosophy
Social philosophy,Branches of philosophy
Analytic philosophy,Philosophy by period
Ancient philosophy,Philosophy by period
Water resources engineering,Civil Engineering
Continental philosophy,Philosophy by period
Medieval philosophy,Philosophy by period
Modern philosophy,Philosophy by period
Abrahamic religions,Belief systems
East Asian religions,Belief systems
Ethnic religions,Belief systems
Gnosticism,Belief systems
Indian religions,Belief systems
Iranian religions,Belief systems
Irreligion,Belief systems
Computer architecture,Computer engineering
New religious movements,Belief systems
Comparative religion,Study of religion
Evolutionary origin of religions,Study of religion
Evolutionary psychology of religion,Study of religion
History of religion,Study of religion
Theology,Study of religion
General astrobiology,Astrobiology
General astrochemistry,Astrochemistry
Celestial mechanics,Astrodynamics
Orbital mechanics,Astrodynamics
Computer graphics,Computer engineering
Architecture,Applied sciences
Astrometry,Astronomical techniques
Astronomical spectrometry,Astronomical techniques
Observational astronomy,Astronomical techniques
Photometry,Astronomical techniques
Computational astrophysics,Astrophysics
Extragalactic astronomy,Astrophysics
Galactic astronomy,Astrophysics
Physical cosmology,Astrophysics
Plasma astrophysics,Astrophysics
Solar physics,Astrophysics
Computer networks,Computer engineering
Stellar astronomy,Astrophysics
Atmosphere,Planetary science
Exoplanetology,Planetary science
Magnetospheres,Planetary science
Planetary formation,Planetary science
Planetary surfaces,Planetary science
Ring systems,Planetary science
Small Solar System bodies,Planetary science
Space environment studies,Space environment
Comparative anatomy,Anatomy
Computer security and cryptography,Computer engineering
Histology,Anatomy
Neuroanatomy,Anatomy
Osteology,Anatomy
Biomechanics,Biophysics
Neurophysics,Biophysics
Quantum biology,Biophysics
Virophysics,Biophysics
Palynology,Botany
Phenology,Botany
Photobiology,Botany
Databases,Computer engineering
Phycology,Botany
Phytochemistry,Botany
Plant anatomy,Botany
Plant morphology,Botany
Plant physiology,Botany
Plant reproduction,Botany
Plant taxonomy,Botany
Cell communication,Cell biology
Cell composition,Cell biology
Cell cycle,Cell biology
Hardware engineering,Computer engineering
Cell metabolism,Cell biology
Dendrochronology,Chronobiology
General Chronobiology,Chronobiology
Embryology,Developmental biology
Gerontology,Developmental biology
Biosphere,Ecology
Conservation biology,Ecology
Ecosystems,Ecology
Human ecology,Ecology
Insect ecology,Ecology
Parallel and distributed computing,Computer engineering
Microbial ecology,Ecology
Plant ecology,Ecology
Population ecology,Ecology
General Epidemiology,Epidemiology
Evolutionary developmental biology,Evolutionary biology
Paleobiology,Evolutionary biology
Behavioral genetics,Genetics
Classical genetics,Genetics
Evolutionary genetics,Genetics
Genetic epidemiology,Genetics
Software and application development,Computer engineering
Genomics,Genetics
Human genetics,Genetics
Microbial genetics,Genetics
Molecular genetics,Genetics
Neurogenetics,Genetics
Plant genetics,Genetics
Population genetics,Genetics
Psychiatric genetics,Genetics
Quantitative genetics,Genetics
General marine biology,Marine biology
Electromechanics,Electrical engineering
Mathematical and theoretical biology,Mathematical biology
Systems biology,Mathematical biology
Bacteriology,Microbiology
Mycology,Microbiology
Parasitology,Microbiology
Virology,Microbiology
General molecular biology,Molecular biology
Structural biology,Molecular biology
Behavioral neuroscience,Neuroscience
Cellular neuroscience,Neuroscience
Electronic engineering,Electrical engineering
Cognitive neuroscience,Neuroscience
Computational neuroscience,Neuroscience
Developmental neuroscience,Neuroscience
Molecular neuroscience,Neuroscience
Neuroendocrinology,Neuroscience
Neuroethology,Neuroscience
Neuroimmunology,Neuroscience
Neurophysiology,Neuroscience
Systems neuroscience,Neuroscience
Cell physiology,Physiology
Microwave engineering,Electrical engineering
Comparative physiology,Physiology
General physiology,Physiology
Arthropodology,Zoology
Ethology,Zoology
General Zoology,Zoology
Helminthology,Zoology
Herpetology,Zoology
Ichthyology,Zoology
Malacology,Zoology
Mammalogy,Zoology
Optical engineering,Electrical engineering
Biological engineering and technology,Applied sciences
Nematology,Zoology
Ornithology,Zoology
General analytical chemistry,Analytical chemistry
General computational chemistry,Computational chemistry
Bioinorganic chemistry,Inorganic chemistry
Ceramic chemistry,Inorganic chemistry
Cluster compounds,Inorganic chemistry
Coordination chemistry,Inorganic chemistry
General inorganic chemistry,Inorganic chemistry
Magnetochemistry,Inorganic chemistry
Photonics,Electrical engineering
Solid-state chemistry,Inorganic chemistry
General nuclear chemistry,Nuclear chemistry
Nuclear transmutation,Nuclear chemistry
Radiochemistry,Nuclear chemistry
Biochemistry,Organic chemistry
Bioorganic chemistry,Organic chemistry
Biophysical chemistry,Organic chemistry
Click chemistry,Organic chemistry
General organic chemistry,Organic chemistry
Medicinal chemistry,Organic chemistry
Power engineering,Electrical engineering
Organometallic chemistry,Organic chemistry
Physical organic chemistry,Organic chemistry
Polymer chemistry,Organic chemistry
Chemical kinetics,Physical chemistry
Chemical physics,Physical chemistry
Electrochemistry,Physical chemistry
Femtochemistry,Physical chemistry
General physical chemistry,Physical chemistry
Photochemistry,Physical chemistry
Quantum chemistry,Physical chemistry
Radio-frequency engineering,Electrical engineering
Spectroscopy,Physical chemistry
Stereochemistry,Physical chemistry
Surface science,Physical chemistry
Thermochemistry,Physical chemistry
Aeronomy,Atmospheric science
Atmospheric chemistry,Atmospheric science
Atmospheric physics,Atmospheric science
Climatology,Atmospheric science
Meteorology,Atmospheric science
Paleoclimatology,Atmospheric science
Telecommunications engineering,Electrical engineering
General geology,Geology
Geochemistry,Geology
Geodesy,Geology
Geomagnetics,Geology
Geophysics,Geology
Glaciology,Geology
Mineralogy,Geology
Paleontology,Geology
Sedimentology,Geology
Seismology,Geology
Non-renewable energy,Energy engineering
Stratigraphy,Geology
Volcanology,Geology
Biological oceanography,Oceanography
Limnology,Oceanography
Marine chemistry,Oceanography
Marine geology,Oceanography
Paleoceanography,Oceanography
Physical oceanography,Oceanography
Biogeography,Physical geography
Coastal geography,Physical geography
Renewable energy,Energy engineering
General physical geography,Physical geography
Geomorphology,Physical geography
Hydrology,Physical geography
Landscape ecology,Physical geography
Paleogeography,Physical geography
Pedology,Physical geography
Quaternary science,Physical geography
Cartography,Technical and computational geography
Geographic information systems,Technical and computational geography
Geomatics,Technical and computational geography
Dentistry,Health sciences
Geostatistics,Technical and computational geography
Global Navigation Satellite Systems,Technical and computational geography
Atomic physics,"Atomic, molecular, and optical physics"
Molecular physics,"Atomic, molecular, and optical physics"
Optics,"Atomic, molecular, and optical physics"
Computational electromagnetics,Computational physics
Computational mechanics,Computational physics
Computational thermodynamics,Computational physics
Phase transitions,Condensed matter physics
Plasma physics,Condensed matter physics
Medicine,Health sciences
Solid-state physics,Condensed matter physics
States of matter,Condensed matter physics
Electrical networks,Electromagnetism
Electrodynamics,Electromagnetism
Electrostatics,Electromagnetism
Magnetostatics,Electromagnetism
Classical mechanics,Mechanics
Dynamics,Mechanics
Fluid mechanics,Mechanics
Statics,Mechanics
Nursing,Health sciences
Nuclear physics,Nuclear and particle physics
Particle physics,Nuclear and particle physics
Quantum field theory,Quantum mechanics
Quantum foundations,Quantum mechanics
Quantum gravity,Quantum mechanics
Quantum information,Quantum mechanics
General relativity,Relativity
Special relativity,Relativity
Statistical mechanics,Statistical mechanics and thermodynamics
Thermodynamics,Statistical mechanics and thermodynamics
Optometry,Health sciences
Business and finance,Applied sciences
