"PageTitle","CategoryName"
Upwelling,Global change
Oxygen sensor,Embedded systems
Bulk modulus,Phase transitions
Fluid dynamics,Fluid mechanics
Analysis,Data science
Social stratification,Democracy
Satellite imagery,Geographic information systems
Image resolution,Digital image processing
Great Lakes,Conservation biology
Organic matter,Ecosystems
Climate change denial,Global change
Saltwater intrusion,Hydrogeology
Cyanobacteria,Cell composition
Soil organic matter,Conservation biology
Ocean heat content,Global change
Steady state,Control theory
Human rights,Late modern period
Hydropower,Hydroelectricity
Differential equation,Differential anaysis
Alkalinity,Coordination chemistry
Heavy water,Nuclear power
Limnology,Ecosystems
Ice,Atmosphere
Numerical weather prediction,Meteorology
Heat exchanger,Air conditioning
Wind,Meteorology
Turbulence,Fluid mechanics
Trophic state index,Hydrology
Oceanic basin,Geochemistry
Dissipation,Thermodynamics
Latent heat,Thermodynamics
Wind speed,Meteorology
Lake Geneva,Late modern period
Human impact on the environment,Conservation biology
Solar irradiance,Global change
Lake Erie,Conservation biology
Harmful algal bloom,Water pollution
Transport,Air pollution
River,Ecosystems
Lake,Ecosystems
Measurement,Heating
Drainage basin,Ecosystems
Lake stratification,Ecosystems
Total organic carbon,General marine biology
Heat,Thermodynamics
Aquatic ecosystem,Ecosystems
Meteorology,Meteorology
Diffusion,Heating
Temperature,Thermodynamics
Primary production,General marine biology
Climate change mitigation,Global change
Power station,Geothermal power
Environmental monitoring,Air pollution
Oxygen,General organic chemistry
Boundary layer,Fluid mechanics
Observation,Experiment
Remote sensing,Geographic information systems
Physical geography,Geographic information systems
Phosphorus,General organic chemistry
Nutrient pollution,Water pollution
Inertial navigation system,Global Navigation Satellite Systems
Season,Meteorology
Lake Garda,Early modern period
Plankton,General marine biology
Parameter,Probability distributions
Rail transport,Electric power transmission
Renewable energy,Solar engineering
Climate change scenario,Global change
Satellite,Global Navigation Satellite Systems
Pumped-storage hydroelectricity,Solar engineering
Wind power,Solar engineering
Acoustic Doppler current profiler,Astronomical spectrometry
Turbidity,Water pollution
Balloon,Aerospace engineering
Summer,Meteorology
Time,General relativity
Water quality,Water pollution
Water pollution,Water pollution
Atmospheric temperature,Meteorology
Thermography,Optics
Nutrient cycle,Ecosystems
Great Oxidation Event,Paleoclimatology
Reservoir,Hydroelectricity
Water,Water pollution
Winter,Meteorology
Sea ice,Global change
Deep sea,General marine biology
Computer simulation,Virtual reality
Gas exchange,Infectious diseases
In situ,Environmental sociology
Hydroelectricity,Hydroelectricity
Mineral water,Early modern period
Bay,Global change
Biogeochemical cycle,General marine biology
Polarization (physics),Optics
Simulation,Virtual reality
Surface runoff,Water pollution
Seiche,Seismology
Ozone depletion,Global change
Sedimentary rock,Mineralogy
Lake ecosystem,Ecosystems
Mixed layer,General marine biology
Algal bloom,Water pollution
Convection,Heating
Navier–Stokes equations,Fluid mechanics
Residence time,Chemical reactors and reactions
Climate change,Global change
Western Roman Empire,Early modern period
Phytoplankton,General marine biology
Zooplankton,General marine biology
Lake Kivu,Early modern period
Rights,Early modern period
Dam,Hydroelectricity
Pelagic zone,General marine biology
Eutrophication,Water pollution
Natural environment,Conservation biology
Field research,Ethnography
Lake Baikal,Late modern period
Littoral zone,General marine biology
Experiment,Experiment
Sediment,Geomorphology
Surface layer,Meteorology
Observational study,Experiment
Nutrient,Cell metabolism
Lake Constance,Late modern period
Sediment transport,Ecosystems
System,Complex systems
Density,General organic chemistry
Molecular diffusion,Cell communication
Body of water,Ecosystems
Sea surface temperature,Global change
Internal wave,Atmosphere
Phosphorus cycle,Ecosystems
Earth's energy budget,Global change
Generation,Ecological economics
Ecosystem,Conservation biology
Chemical substance,General organic chemistry
Volatile organic compound,General organic chemistry
Evaporation,Phase transitions
Air pollution,Air pollution
Persistent organic pollutant,Air pollution
Amine,General organic chemistry
Infrared spectroscopy,Astronomical spectrometry
Anaerobic digestion,Waste management and resource recovery
Sewage treatment,Water pollution
Visibility,Meteorology
Gas,Thermodynamics
Fourier-transform infrared spectroscopy,Astronomical spectrometry
Drinking water,Water pollution
Atmosphere of Earth,Meteorology
Adsorption,Surface science
Nitrate,General organic chemistry
Organic compound,General organic chemistry
Scientific method,Epistemology
Spectroscopy,Astronomical spectrometry
Mass spectrometry,General analytical chemistry
Particle,Quantum field theory
Particulates,Air pollution
Aquatic animal,Evolutionary developmental biology
Nitrous oxide,Global change
Black carbon,Global change
Fish,Evolutionary developmental biology
Fourier-transform spectroscopy,Astronomical spectrometry
Sorption,Surface science
Carbon,General organic chemistry
Cloud condensation nuclei,Meteorology
Aerosol,Air pollution
Wastewater treatment,Water pollution
Solubility,General organic chemistry
Climate,Global change
Vehicle emissions control,Air pollution
Gastric acid,Infectious diseases
Polycyclic aromatic hydrocarbon,Air pollution
Atmospheric chemistry,Global change
Organic farming,Conservation biology
Bacteria,Cell composition
Evolution,Ethology
Sustainable transport,Air pollution
International Union for Conservation of Nature,Conservation biology
Ritual,General history
Family,Developmental psychology
Natural resource management,Conservation biology
Innovation,Copyright law
Geographic information system,Geographic information systems
Geneva,Late modern period
Smart city,Urban geography
Habitat fragmentation,Conservation biology
Population density,Geopolitics
Landscape painting,Painting
Car,Air pollution
Metagenomics,Bioinformatics
Interdisciplinarity,Ethnography
Public policy,Ethics
Travel,Air pollution
Longitudinal study,General Epidemiology
Resource depletion,Conservation biology
Habitat,Conservation biology
Future,General history
Cultural diversity,Mass communication
Laissez-faire,Economic systems
Consensus decision-making,Democracy
Habitat destruction,Conservation biology
Sheep,Prehistory
Molecular ecology,Conservation biology
South Africa,Prehistory
Infrastructure,Positive psychology
Biophysical environment,Conservation biology
Elevation,Geographic information systems
Wildlife conservation,Conservation biology
Global change,Conservation biology
Satellite navigation device,Global Navigation Satellite Systems
Plan,Industrial and organizational psychology
Cantons of Switzerland,Late modern period
Sustainability,Conservation biology
Ecosystem service,Conservation biology
Environmentalism,Conservation biology
Geographic information system software,Geographic information systems
Urban morphology,Geopolitics
Literature,Literary criticism
Geography,Geographic information systems
Information,Channel capacity
World population,Late modern period
Geographic information science,Geographic information systems
Special Report on Emissions Scenarios,Global change
Goat,Prehistory
Organism,Cell composition
Plant,Plant physiology
Map,Geographic information systems
Management,Industrial and organizational psychology
Grassland,Conservation biology
Endangered species,Conservation biology
Major,Early modern period
Landscape,Ecosystems
Urban green space,Urban geography
Waste,Waste management and resource recovery
Natural selection,Population genetics
Global catastrophic risk,Futures studies
Rural area,Urban geography
Normal distribution,Probability distributions
Spatial ecology,Conservation biology
Urban planner,Urban geography
Conservation biology,Conservation biology
Number,Abstract algebra
Species,Ethology
Population genetics,Population genetics
Animal husbandry,Prehistory
Built environment,Urban geography
Probability,Probability distributions
Population,Late modern period
Environmental issues,Conservation biology
Demographic transition,Late modern period
Machine learning,General machine learning
Human–computer interaction,Human–computer interaction
Information system,Data science
Knowledge,Epistemology
Phenotype,Population genetics
Livestock,Prehistory
Landscape ecology,Ecosystems
Public space,Urban geography
Moving walkway,Modern architecture
Research,Historiography
Individual,Early modern period
Cattle,Prehistory
East Africa,Prehistory
Public transport,Air pollution
Health care,Preventive healthcare
Decision-making,Decision theory
Statistics,Probability distributions
Science,Epistemology
Global North and Global South,Development economics
Switzerland,Late modern period
Social science,Ethnography
Big data,Data warehouses
Sub-Saharan Africa,Prehistory
Space,General relativity
ArcGIS,Geographic information systems
Electric vehicle,Solar engineering
Interpersonal communication,Mass communication
Precipitation,Meteorology
Social,Art history
Sustainable development,Conservation biology
Experience,Epistemology
Urban sociology,Urban geography
Technology,Copyright law
Phenotypic plasticity,Population genetics
Case study,Ethnography
Empirical evidence,Epistemology
Plant breeding,Conservation biology
Spatial analysis,Geographic information systems
Social exclusion,Postcolonialism
Vehicle,Pneumatics
Walking,Biomechanics
Debate,Comparative politics
People,Democracy
Genetic variation,Population genetics
Information technology,Internet
Economic inequality,Economic systems
Qualitative research,Ethnography
Infection,Infectious diseases
Policy,Ethics
Environmental protection,Conservation biology
Soil,Conservation biology
Planning,Neurology
Decline in amphibian populations,Conservation biology
Geographic coordinate conversion,Geodesy
High availability,Distributed computing
Environmental Performance Index,Conservation biology
Sustainable Development Goals,Development economics
Emerging technologies,Copyright law
Quantitative research,Ethnography
Environmental planning,Urban geography
Fertile Crescent,Prehistory
Coral bleaching,General marine biology
Land,Global change
Genetic diversity,Population genetics
Evolutionary biology,Population genetics
Lidar,Geographic information systems
Social mobility,Democracy
Reason,Epistemology
Gene,General molecular biology
Biotechnology,Genetic engineering
Biodiversity,Conservation biology
Indigenous peoples,Late modern period
Spatial database,Geographic information systems
Cosmopolitan distribution,Evolutionary psychology
Demography,Late modern period
Urban planning,Urban geography
Globalization,International relations
Agricultural soil science,Conservation biology
Public health,Infectious diseases
Decision support system,Data science
Coral,Paleoclimatology
Body mass index,Endocrinology
Exploitation of natural resources,Conservation biology
Geographic coordinate system,Geodesy
Köppen climate classification,Abrahamic religions
Analytics,Data warehouses
Area studies,Ethnography
Neuchâtel,Late modern period
Georeferencing,Geographic information systems
Socioeconomics,Political economy
Urban design,Urban geography
Cryoconservation of animal genetic resources,Conservation biology
Geographic data and information,Geographic information systems
Nazi concentration camps,Late modern period
Geostatistics,Geographic information systems
Animal genetic resources for food and agriculture,Conservation biology
Ecosystem diversity,Conservation biology
Sustainable city,Urban geography
Crowdsourcing,General machine learning
Biodiversity loss,Conservation biology
Computer science,Computability theory
Africa,Prehistory
City,Urban geography
Species distribution,Conservation biology
Genomics,Genomics
Region,Geopolitics
Urbanization,Urban geography
Human behavior,Social psychology
Biodiversity hotspot,Conservation biology
Community,Democracy
Port-au-Prince,Abrahamic religions
France,Late modern period
Altitude,Atmosphere
Land-use planning,Urban geography
Amphibian,Evolutionary developmental biology
Agriculture,Conservation biology
Modal share,Air pollution
Urban sprawl,Urban geography
Epidemiology,General Epidemiology
West Africa,Prehistory
Citizenship,Civil law
Pattern,Calculus
Census,Statistical sampling
Infant mortality,Infectious diseases
École Polytechnique Fédérale de Lausanne,Global change
Path dependence,Mathematical economics
Transportation planning,Air pollution
Urban area,Urban geography
Digital elevation model,Geographic information systems
Developing country,Development economics
Ecosystem model,Ecosystems
Health,Preventive healthcare
Biological dispersal,Conservation biology
Database,Relational databases
Dimension,Euclidean geometry
Design,Human–computer interaction
Spatial planning,Urban geography
Present,General history
Coral reef,General marine biology
Water vapor,Meteorology
Historical geographic information system,Geographic information systems
Economics,Mathematical economics
Planetary boundary layer,Meteorology
European Union,Late modern period
Urbanism,Urban geography
Population growth,Late modern period
Adaptation,Population genetics
Evolutionary psychology,Developmental psychology
Development studies,Ethnography
Surface water,Hydrology
Gardening,Conservation biology
Organochlorine chemistry,General organic chemistry
Aromatic compound,General organic chemistry
Advanced oxidation process,Water pollution
Land degradation,Conservation biology
Aquatic plant,Water pollution
Intensive farming,Conservation biology
Industrial wastewater treatment,Water pollution
Sewage sludge,Water pollution
Toxicity,Air pollution
Antibiotic,Infectious diseases
Marine debris,Waste management and resource recovery
Urban runoff,Water pollution
Mediterranean Sea,Early modern period
Antimicrobial resistance,Infectious diseases
Vietnam,Late modern period
Corrosion inhibitor,Late modern period
Water purification,Water pollution
Wastewater,Water pollution
Risk assessment,Audit
Effluent,Water pollution
Ozone,Global change
Phylogenetics,Ethology
Pollutant,Air pollution
Pollution,Air pollution
Plastic,Polymer chemistry
Ecotoxicology,Toxicology
Microplastics,Waste management and resource recovery
Burkina Faso,Prehistory
Plastic pollution,Waste management and resource recovery
Contamination,Air pollution
Activated carbon,Air pollution
Soil contamination,Air pollution
Heavy metals,Metallurgy
Process,Business process management
Pesticide,Conservation biology
Polymer degradation,Waste management and resource recovery
Secondary treatment,Water pollution
Herbicide,Conservation biology
Compost,Waste management and resource recovery
Gas chromatography,General analytical chemistry
European integration,Cell physiology
Atlantic Ocean,Early modern period
Democratic Republic of the Congo,Prehistory
Tandem mass spectrometry,Bioinformatics
Environmental degradation,Conservation biology
Endocrine disruptor,Air pollution
Electroweak interaction,Particle physics
J/psi meson,Particle physics
Renewable energy commercialization,Global change
Strange quark,Particle physics
Precipitation types,Meteorology
Wind power in India,Solar engineering
Branching fraction,Particle physics
Friction,Late modern period
Snowpack,Hydrology
Elementary particle,Particle physics
Temperature coefficient,Electrical networks
Surface tension,Surface science
Mass flux,Fluid mechanics
Feedback,Control theory
Antarctic ice sheet,Global change
Large eddy simulation,Fluid mechanics
Global Positioning System,Global Navigation Satellite Systems
Flow velocity,Fluid mechanics
Area,Euclidean geometry
Graviton,Particle physics
Gamma,Prehistory
Google Search,Internet
Glacier,Global change
Gluon,Particle physics
Galileo (satellite navigation),Global Navigation Satellite Systems
Storm,Meteorology
Field experiment,Social psychology
Robot kinematics,Robotics
Yukawa interaction,Particle physics
Lepton number,Particle physics
Cross section (geometry),Drawing
Hydrology,Hydrology
Solar power,Solar engineering
Hadron,Particle physics
Maximum likelihood estimation,Probability distributions
Pair production,Particle physics
Degenerate matter,Economic geography
Conservation of mass,Special relativity
Indian Ocean,Early modern period
Heat flux,Heating
Texture mapping,Rendering
Information theory,Channel capacity
Futures studies,Futures studies
Satellite navigation,Global Navigation Satellite Systems
Heat flux sensor,Heating
Snow leopard,Global change
System dynamics,Complex systems
Identical particles,Statistical mechanics
Entropy (information theory),Channel capacity
Point cloud,Computer vision
Correlation,Regression analysis
Permafrost,Global change
Jet engine,Aerospace engineering
Statistical significance,Statistical hypothesis testing
Large extra dimensions,Quantum field theory
Scalar field,Vector analysis
Invariant mass,Special relativity
B meson,Particle physics
Tau,Prehistory
Process modeling,Software development process
Extreme environment,Cell metabolism
Search and rescue,Early modern period
Handedness,Parallel computing
Proton Holdings,Abrahamic religions
Elementary charge,Quantum field theory
Laser,Optics
Kalman filter,Computer vision
Finite element method,Discrete exterior calculus
Cold dark matter,Physical cosmology
Lorentz transformation,Special relativity
Heat transfer,Heating
Water resources,Conservation biology
Quark–gluon plasma,Particle physics
Gamma ray,Nuclear physics
Water content,Hydrology
Search engine optimization,Internet
Stream,Ecosystems
"21st century",Prehistory
Antarctica,Global change
Viscosity,Fluid mechanics
Data,Data warehouses
Liquid,Phase transitions
Rain,Meteorology
Mass,General relativity
Phase space,Chaos theory
Electron paramagnetic resonance,Astronomical spectrometry
Flavour (particle physics),Particle physics
Multivariate statistics,Probability distributions
Magnetic resonance imaging,Radiology
Richter magnitude scale,Seismology
Spin (physics),Quantum field theory
Theoretical physics,General relativity
Superstring theory,Quantum field theory
Traffic collision,Traffic engineering
Radioactive decay,Nuclear physics
Decay chain,Nuclear physics
Nuclear force,Particle physics
Meson,Particle physics
Chemical equation,Biochemistry
Pressure measurement,Fluid mechanics
Trajectory,Classical mechanics
Water cycle,Hydrology
Muon,Particle physics
Stellar kinematics,Stellar astronomy
Alpine tundra,Ecosystems
Electrical grid,Solar engineering
Theory of constraints,Operations management
Momentum,Classical mechanics
Nuclear cross section,Nuclear power
Velocity,Classical mechanics
Matrix (mathematics),Linear algebra
Higgs boson,Particle physics
Boson,Particle physics
Weather station,Meteorology
Southern Ocean,Global change
Nuclear power plant,Nuclear power
Fault tolerance,Distributed computing
Solar luminosity,Stellar astronomy
Sea level rise,Global change
Subatomic particle,Particle physics
Architecture,Modern architecture
Drag (physics),Fluid mechanics
Neutrino,Particle physics
Numerical analysis,Numerical analysis
Citizen science,Human genetics
Vegetation,Conservation biology
Jet (particle physics),Particle physics
Alpha particle,Nuclear physics
Navigation,Geodesy
Nucleon,Particle physics
Flow measurement,Fluid mechanics
Nuclear power,Nuclear power
Baryon asymmetry,Particle physics
Observational error,Probability distributions
Orbital resonance,Atmosphere
Supersymmetry,Particle physics
Quantum chromodynamics binding energy,Particle physics
Modeling and simulation,Systems engineering
Ecosystem management,Conservation biology
Logarithmic mean temperature difference,Electricity generation
Physics,General relativity
Particle physics,Particle physics
Energy in Switzerland,Hydroelectricity
Proton,Particle physics
Physicalism,Epistemology
Photon,Quantum field theory
Sensor,Consumer electronics
Pressure,Fluid mechanics
Calculation,Abstract algebra
Gauge theory,Particle physics
Up quark,Particle physics
Down quark,Particle physics
Charm quark,Particle physics
Top quark,Particle physics
Bottom quark,Particle physics
Proton decay,Particle physics
Hydraulic fluid,Hydraulics
Hall effect sensor,General relativity
Mass balance,Chemical kinetics
Power law,Probability distributions
Compact Muon Solenoid,Particle physics
Buoyancy,Fluid mechanics
Prediction,Regression analysis
Forecasting,Regression analysis
Quantum yield,Photochemistry
Pseudorapidity,Special relativity
Sterile neutrino,Particle physics
Proton–proton chain,Stellar astronomy
Observable universe,Physical cosmology
Quark,Particle physics
Quantum chromodynamics,Particle physics
Rocky Mountains,Hydroelectricity
Radar,Late modern period
Radiation,Nuclear physics
Accounting,Financial accounting
Flavor-changing neutral current,Particle physics
Model,Fluid mechanics
Thermodynamic equilibrium,Thermodynamics
Schumann resonances,Wireless communication
Solar System,Atmosphere
Data analysis,Data warehouses
Statistical model,Bayesian inference
Signal,Digital electronics
Standard deviation,Probability distributions
Photon energy,Astronomical spectrometry
Solar energy,Solar engineering
East Antarctica,Global change
Strong interaction,Particle physics
Confidence interval,Probability distributions
Snow,Meteorology
Angular momentum,Classical mechanics
Statistical mechanics,Thermodynamics
Speed of light,General relativity
Parameter space,Probability distributions
Robust statistics,Probability distributions
Slope,Calculus
SWOT analysis,Marketing management
Hydraulic jump,Fluid mechanics
Scalar boson,Particle physics
Perturbation theory (quantum mechanics),Quantum field theory
Scale model,Fluid mechanics
Anemometer,Meteorology
Infrared detector,Optics
Top,Dynamics
Nuclear binding energy,Nuclear physics
Spacecraft attitude control,Aerospace engineering
Computational fluid dynamics,Fluid mechanics
Measurement uncertainty,Bayesian inference
Theory,Epistemology
Inertial measurement unit,Global Navigation Satellite Systems
Nuclear weapon yield,Nuclear power
Spring (season),Meteorology
Uncertainty principle,Quantum field theory
Ecological succession,Ecosystems
Post-transcriptional modification,General molecular biology
Hearing range,Ultrasound
Volume,Calculus
Tau (particle),Particle physics
Neutralino,Particle physics
Weak interaction,Particle physics
Asymmetry,Stereochemistry
Variable renewable energy,Solar engineering
Event generator,Particle physics
Modeling language,Software development process
Parton (particle physics),Particle physics
Solar panel,Solar engineering
Eddy covariance,Meteorology
Large Hadron Collider,Particle physics
Capability approach,Positive psychology
Arctic,Global change
CERN,Particle physics
Direct numerical simulation,Fluid mechanics
Mountain,Geomorphology
Image sensor,Digital image processing
Tabu search,General machine learning
Luminosity (scattering theory),Particle physics
Wind tunnel,Aerospace engineering
Gravitational constant,General relativity
Albedo,Global change
Wet-bulb temperature,Meteorology
Energy transition,Global change
Neutral current,Particle physics
Melting point,General organic chemistry
Physics beyond the Standard Model,Particle physics
W and Z bosons,Particle physics
Search engine,Internet
Time series,Time series
Collision,Plasma physics
Error,Embedded systems
Resonance,Quantum field theory
Glacier mass balance,Global change
River ecosystem,Ecosystems
Accuracy and precision,General ergonomics
Sigma,Prehistory
Mass–energy equivalence,Nuclear physics
M-estimator,Probability distributions
Gauge boson,Particle physics
Two-Higgs-doublet model,Particle physics
Microsoft Bing,Internet
Atmospheric circulation,Meteorology
Flux,Cell communication
Electroweak epoch,Physical cosmology
Shear stress,Fluid mechanics
Snowmelt,Hydrology
Luminosity,Stellar astronomy
Rapidity,Special relativity
Polar regions of Earth,Global change
Neutral particle,Particle physics
Lightest supersymmetric particle,Particle physics
Beta decay,Nuclear physics
Streamflow,Ecosystems
Atmospheric pressure,Atmosphere
Azimuth,Cartography
Calibration,Heating
Climate model,Global change
Cloud,Meteorology
Standard Model,Particle physics
Stochastic process,Algorithmic information theory
Background radiation,Nuclear power
Extra dimensions,Quantum field theory
Alpine climate,Ecosystems
Surface,Surface science
Sierra Nevada,Global change
Particle velocity,Ultrasound
Humidity,Meteorology
Ablation,Aerospace engineering
Combination,Combinatorics
Exotic atom,Particle physics
Turbulence kinetic energy,Fluid mechanics
Swiss Alps,Late modern period
Photogrammetry,Geographic information systems
Multiphase flow,Fluid mechanics
Oceanic climate,Abrahamic religions
Monte Carlo method,Numerical analysis
Terrain,Geographic information systems
Unmanned aerial vehicle,Aerospace engineering
Soil erosion,Conservation biology
Thermal conductivity,Heating
Large Electron–Positron Collider,Particle physics
Average,Probability distributions
Minimal Supersymmetric Standard Model,Particle physics
Lepton,Particle physics
Mosaic,Early modern period
Superpartner,Particle physics
Sensitivity analysis,Bayesian inference
Evaluation,Psychometrics
Uncertainty,Bayesian inference
Atmosphere of Venus,Atmosphere
Gluino,Particle physics
Higgs mechanism,Particle physics
Environmental science,Air pollution
Vector boson,Particle physics
Photovoltaics,Solar engineering
Kinematics,Robotics
Material derivative,Fluid mechanics
Randall–Sundrum model,Quantum field theory
Effective field theory,Particle physics
Coupling constant,Particle physics
Wind wave,Atmosphere
Cross-correlation,Time series
Chargino,Particle physics
Color temperature,Plasma physics
Weather forecasting,Meteorology
Avalanche,Cartography
Cosmic microwave background,Physical cosmology
Radar cross-section,Aerospace engineering
Decay product,Nuclear physics
Cross section (physics),Optics
Transverse wave,Optics
Ludwig Prandtl,Fluid mechanics
Algorithm,Computability theory
Evapotranspiration,Hydrology
Geomorphology,Geomorphology
Prevailing winds,Meteorology
Topography,Geographic information systems
Receiver autonomous integrity monitoring,Global Navigation Satellite Systems
Subsurface flow,Hydrology
Particle decay,Particle physics
GNSS augmentation,Global Navigation Satellite Systems
Relativistic Heavy Ion Collider,Particle physics
Data set,Data science
Dark matter,Physical cosmology
Porous medium,Geotechnical investigation
Double-slit experiment,Quantum information
Ratio,Biochemistry
Background check,Computer security threats
Hydrograph,Hydrology
Intelligent transportation system,Traffic engineering
Snow line,Ecosystems
Electron,Nuclear physics
Electricity generation,Geothermal power
Electricity,Plasma physics
Energy,Special relativity
Convection (heat transfer),Heating
Erosion,Geomorphology
Electric charge,Electrostatics
Alps,Late modern period
Energy efficiency in transport,Air pollution
Lambda-CDM model,Physical cosmology
Game controller,"2D computer graphics"
Swarm robotics,Robotics
Wireless sensor network,Computer security threats
IMAGE (spacecraft),Plasma physics
Markov decision process,Control theory
Service robot,Robotics
Artificial intelligence,General machine learning
Nanoparticle,Ceramic engineering
Graph theory,Graph theory
Metapopulation,Conservation biology
Android (operating system),Operating systems
Child,Developmental psychology
Indoor positioning system,Global Navigation Satellite Systems
House,Brutalist architecture
Particle filter,Computer vision
Robot navigation,Robotics
Problem solving,Copyright law
Stokes parameters,Optics
Three-dimensional integrated circuit,Embedded systems
Artificial immune system,General machine learning
Project,Project management
Magnetic nanoparticles,Phase transitions
Neural network,Artificial neural networks
Automation,Control system
Wetting,Surface science
Self-assembled monolayer,Biochemistry
Liquid crystal,Optics
Collision avoidance system,Computer vision
Vehicle dynamics,Computer vision
Learning,Cognitive neuroscience
Residual stress,Metallurgy
Large numbers,Chaos theory
Autonomous underwater vehicle,Marine engineering
Microfluidics,Biochemistry
Evolutionary algorithm,General machine learning
Manhattan Project,Nuclear power
Microelectromechanical systems,Nanotechnology
Social relation,Ethnography
Description,Literary criticism
Robot Operating System,Cultural history
Contact angle,Surface science
Mathematical model,Combinatorics
Robotics,Robotics
Trajectory optimization,Control theory
Positive feedback,Cell communication
Artificial neural network,Artificial neural networks
Capillary action,Surface science
Operating system,Operating systems
Meniscus (liquid),Surface science
Experimental data,Epistemology
Motivation,Industrial and organizational psychology
Unsupervised learning,General machine learning
Military robot,Robotics
Sense,Neuroanatomy
Random walk,Algorithmic information theory
Finding Nemo,Computer animation
Perception,Experimental psychology
.NET Framework,Programming languages
Robotic vacuum cleaner,Robotics
Regular expression,Formal languages
Real-time computing,Operating systems
Robot,Robotics
Evolutionary computation,General machine learning
Embodied agent,General machine learning
Serial Experiments Lain,Computer animation
Self-organization,Complex systems
Semantic network,Knowledge representation and reasoning
Semantic Web,Knowledge representation and reasoning
Stochastic,Cryptography
Collaboration,Internet
Partially observable Markov decision process,General machine learning
"3D modeling",Rendering
Domestic robot,Robotics
Human–robot interaction,Robotics
Deep learning,Artificial neural networks
Graph drawing,Graph theory
Robot learning,Robotics
Embodied cognition,Cognitive psychology
Particle swarm optimization,General machine learning
Self-assembly,Nanotechnology
Bio-inspired computing,Artificial neural networks
Society,Democracy
Mobile robot,Robotics
Capillary pressure,Surface science
Motion capture,Computer vision
Genetic algorithm,General machine learning
Time complexity,Computational complexity theory
Implementation,Programming languages
Surface energy,Surface science
Speech synthesis,Speech recognition
Psychophysics,Experimental psychology
Printing,Early modern period
Graphical model,Speech recognition
Micro air vehicle,Aerospace engineering
User interface,Human–computer interaction
Human overpopulation,Late modern period
Autonomous robot,Robotics
Vacuum cleaner,Robotics
Thought experiment,Epistemology
Image segmentation,Computer vision
Inkjet printing,Electrostatics
Digital printing,Early modern period
Communication,Mass communication
Mathematical optimization,Combinatorial optimization
Hyperparameter optimization,General machine learning
Crossover (genetic algorithm),General machine learning
Civil engineering,General architectural engineering
Continuum mechanics,Tensor analysis
Three Laws of Robotics,Robotics
Human settlement,Geopolitics
Methodology,Epistemology
Mathematical and theoretical biology,Evolutionary developmental biology
Reinforcement learning,Artificial neural networks
Human,Human genetics
Noise-induced hearing loss,Architectural acoustics
Length scale,Particle physics
Control theory,Control theory
Self-organized criticality,Chaos theory
Complexity,Complex systems
Cholera,Infectious diseases
Swarm intelligence,General machine learning
Simultaneous localization and mapping,Computer vision
Self-reconfiguring modular robot,Robotics
Metaheuristic,General machine learning
Developed country,Late modern period
Discrete mathematics,Graph theory
Data structure,Data structures
Computer performance,Application-specific integrated circuit
Engineering,Aerospace engineering
Structure,Practical structural engineering
Multi-agent system,General machine learning
Fluidics,Hydraulics
Driving simulator,Virtual reality
Simulation hypothesis,Computational neuroscience
Change detection,Time series
Nonlinear system,Chaos theory
Earth science,General physical geography
Manifold,Abstract algebra
Aesthetics,Painting
Pixel,Digital image processing
Aerial photography,Geographic information systems
Hyperspectral imaging,Astronomical spectrometry
Earth observation,Aerospace engineering
Earth observation satellite,Aerospace engineering
Support vector machine,General machine learning
Ecology,Conservation biology
Wetland,Ecosystems
Multi-objective optimization,General machine learning
Resource,Ecological economics
Spillway,Hydroelectricity
Community (ecology),Conservation biology
Fractal,Chaos theory
Wildlife corridor,Conservation biology
Participatory planning,Democracy
Geologic time scale,Paleoclimatology
Haiti,Abrahamic religions
Stochastic differential equation,Differential anaysis
Orbital period,Atmosphere
Free surface,Fluid mechanics
Emergency management,Environmental sociology
Water scarcity,Conservation biology
Water table,Hydrogeology
Precipitation hardening,Metallurgy
Tunnel,Electric power transmission
Species richness,Conservation biology
General circulation model,Global change
Edo period,Late modern period
Abiotic component,Ecosystems
Seed dispersal,Plant physiology
Simulated annealing,General machine learning
Turbidity current,Stratigraphy
Lead,Metallurgy
Sanitation,Water pollution
Agricultural productivity,Conservation biology
Law,Common law
Transpiration,Cell composition
Tree,Plant morphology
Mississippi River,Ecosystems
Isotope,Nuclear physics
Matter,General relativity
Savanna,Conservation biology
Cardinal direction,Cartography
Metabolism,Cell metabolism
Microorganism,Cell composition
Flood control,Hydroelectricity
Carbon dioxide removal,Global change
Sustainable agriculture,Conservation biology
Natural resource,Conservation biology
Nature,Epistemology
Relative species abundance,Conservation biology
Poisson distribution,Probability distributions
Ecosystem respiration,Conservation biology
Plant community,Conservation biology
Pump,Hydroelectricity
Species–area relationship,Conservation biology
Slope stability analysis,Geotechnical investigation
Construction,General architectural engineering
Biological interaction,Ecosystems
Transducer,Ultrasound
Ephemerality,Ecosystems
Soil management,Conservation biology
Groundwater,Hydrology
Reproduction,Ethology
Salt marsh,Global change
Transport phenomena,Heating
Economic impacts of climate change,Global change
Precipitation (chemistry),General organic chemistry
Fluvial processes,Ecosystems
Solution (chemistry),General organic chemistry
Trade,International relations
History of cholera,Infectious diseases
Tide,Geodesy
Fishery,Fish farming
Ultrasound,Ultrasound
Homogeneity and heterogeneity,Experiment
Venice,Early modern period
Artificial island,Late modern period
Meander,Ecosystems
Riparian zone,Ecosystems
Water storage,Hydrology
United States,Late modern period
Montane ecosystems,Ecosystems
Ecological pyramid,Ecosystems
Rice,Conservation biology
Complex system,Complex systems
Ocean current,Global change
Disturbance (ecology),Conservation biology
Stable isotope ratio,Paleoclimatology
Poisson point process,Probability distributions
Elsevier,Internet
Parasitism,Cell composition
Biofilm,Infectious diseases
Waterborne diseases,Water pollution
Amazon basin,Conservation biology
Surgery,Infectious diseases
Self-actualization,Positive psychology
Siphon,Hydraulics
Tillage,Conservation biology
Drainage,Hydrology
Xylem,Plant physiology
Aquifer,Hydrogeology
Carbon cycle,General marine biology
Carrying capacity,Late modern period
Retreat of glaciers since 1850,Global change
Extinction,Conservation biology
Persistence hunting,Conservation biology
Population dynamics,Growth models
Flood,Ecosystems
Yellow River,Late modern period
Map projection,Geographic information systems
Vibrio cholerae,Infectious diseases
Hydraulic engineering,Hydroelectricity
Species diversity,Conservation biology
Impacts of tourism,Aerospace engineering
Hydrological transport model,Hydrology
Basal metabolic rate,Cell metabolism
Land use,Conservation biology
Carbon dioxide,General organic chemistry
Sea level,Geodesy
Hydraulics,Hydraulics
Electron configuration,Coordination chemistry
Ecological niche,Ecosystems
Material,Metallurgy
Invasive species,Conservation biology
Land cover,Aerospace engineering
Pathogen transmission,Infectious diseases
Glaucoma,Ophthalmology
Freshwater ecosystem,Ecosystems
American Geophysical Union,Seismology
Disease,Infectious diseases
United Nations Development Programme,Development economics
Pest control,Conservation biology
Dynamical system,Chaos theory
Basic reproduction number,Infectious diseases
Willow,Plant physiology
Discharge (hydrology),Hydrology
Equation,Abstract algebra
Sedimentation,Geomorphology
Periodic boundary conditions,General computational chemistry
Unintended consequences,Complex systems
Extinction event,Paleoclimatology
Empirical formula,General organic chemistry
Morphology (biology),Ethology
Forest,Conservation biology
Groundwater model,Hydrogeology
Shingle beach,Geomorphology
Particle-size distribution,Quantum field theory
Water potential,Hydrology
Silicate mineral,Mineralogy
Constructed wetland,Water pollution
Flume,Hydroelectricity
Geotechnical engineering,Geotechnical investigation
Bending,Practical structural engineering
Soil respiration,Conservation biology
Medical laboratory,Psychiatry
Hydrocarbon,General organic chemistry
Soil carbon,Conservation biology
Natural landscape,Conservation biology
Hysteresis,Phase transitions
Steady-state economy,Ecological economics
Soil horizon,Geomorphology
Leachate,Waste management and resource recovery
Ion exchange,Coordination chemistry
Advection,Fluid mechanics
River delta,Ecosystems
Gravel,Geomorphology
Riparian forest,Ecosystems
Marsh,Global change
Organic acid anhydride,General organic chemistry
Reliability engineering,General reliability engineering
Kinetic energy,Classical mechanics
Laboratory,General organic chemistry
Brownfield land,Air pollution
High frequency,General telecommunications
Restoration ecology,Conservation biology
Light,Astronomical spectrometry
Reynolds stress,Fluid mechanics
Hydraulic conductivity,Geotechnical investigation
Ocean,General marine biology
Decomposition,Ecosystems
Sand,Mineralogy
Mineral,Mineralogy
Hand,Orthopedics
Stormwater,Water pollution
Dye-sensitized solar cell,Solar engineering
Porosity,Geotechnical investigation
Social behavior,Positive psychology
Hydrochloric acid,General organic chemistry
Sodium nitrate,General organic chemistry
IT infrastructure,Internet
Mass transfer,Chemical reactors and reactions
Sewerage,Water pollution
Probabilistic risk assessment,General reliability engineering
Multimodal interaction,General machine learning
Hydrogen chloride,General organic chemistry
Nitrogen,General organic chemistry
Aliphatic compound,General organic chemistry
Mineral oil,Cosmetics
River mouth,Ecosystems
Nitrogen fixation,Conservation biology
Bulk density,Geotechnical investigation
Natural gas,Global change
Open-channel flow,Fluid mechanics
Periodic table,Coordination chemistry
Light-year,Stellar astronomy
Mineral (nutrient),Cell metabolism
Dissipative system,Complex systems
Water treatment,Water pollution
Analytical chemistry,General analytical chemistry
Reaction rate,Chemical kinetics
Risk,Audit
PH,Coordination chemistry
Small hydro,Hydroelectricity
Rheology,Fluid mechanics
Seawater,Water pollution
Plant hormone,Plant physiology
Terminal velocity,Fluid mechanics
Plasma (physics),Plasma physics
Risk management,Audit
Impervious surface,Water pollution
Radio propagation,General telecommunications
Musical instrument,Music
Ocean acidification,General marine biology
Tectonics,Seismology
Pressure gradient,Meteorology
Soil functions,Conservation biology
Three-dimensional space,Euclidean geometry
Tidal force,Atmosphere
Electron donor,Coordination chemistry
Electron acceptor,Coordination chemistry
Swash,Global change
Infiltration (hydrology),Water pollution
Inference,Epistemology
Scientific modelling,Systems architecture
Getty Images,Internet
Wave,Optics
Wave equation,Differential anaysis
Western Europe,Early modern period
Image analysis,Computer vision
Thermal,Meteorology
Chemical kinetics,Chemical kinetics
Natural competence,Cell composition
Solvent,General organic chemistry
Atmospheric dispersion modeling,Air pollution
Confluence,Ecosystems
Bauxite,Mineralogy
Escape velocity,Orbital mechanics
Hot air balloon,Aerospace engineering
Thermohaline circulation,Global change
Froude number,Fluid mechanics
Geochemistry,Paleoclimatology
River engineering,Ecosystems
Environmental remediation,Air pollution
Attenuation,Optics
Continuity equation,Cell communication
Predictive analytics,Data warehouses
Nonpoint source pollution,Water pollution
Photic zone,General marine biology
Soil compaction,Geotechnical investigation
Radioactive tracer,Nuclear physics
Bioremediation,Air pollution
Hydrogeology,Hydrogeology
Anaerobic respiration,Cell metabolism
Soil acidification,Conservation biology
Groundwater pollution,Water pollution
Eddy current,Electrical networks
Radiative forcing,Global change
Soil biology,Conservation biology
Grand Canyon,Hydroelectricity
Non-equilibrium thermodynamics,Thermodynamics
Future Circular Collider,Particle physics
Biodegradation,Waste management and resource recovery
Noise reduction,Digital image processing
Shore,Global change
Text-based user interface,Operating systems
Territorial waters,Late modern period
Wave propagation,Optics
Nanowire,Nanotechnology
Coast,Global change
Topsoil,Conservation biology
Sustainable drainage system,Water pollution
Numerical modeling (geology),General archaeology
Root,Plant physiology
Nonverbal communication,Mass communication
Laboratory experiments of speciation,Population genetics
Total dissolved solids,Water pollution
Breaking wave,Atmosphere
Social media,Internet
Nitrogen cycle,Ecosystems
Schrödinger equation,Quantum field theory
Tidal locking,Atmosphere
Groundwater recharge,Water pollution
CNO cycle,Stellar astronomy
Fermentation,Cell metabolism
Curvature,Differential geometry
Electric current,Electrical networks
Chemical reaction,Biochemistry
Trade winds,Global change
Clean Water Act,Water pollution
Two-phase flow,Fluid mechanics
Energy conversion efficiency,Electricity generation
Tributary,Ecosystems
Sanitary sewer overflow,Water pollution
Wave power,Solar engineering
Polyethylene,Polymer chemistry
Coriolis force,Classical mechanics
Canyon,Hydroelectricity
Material flow analysis,Ecological economics
Biomass (energy),General biotech
Electron transport chain,Cell metabolism
Europe,Early modern period
Electromagnetic radiation,Astronomical spectrometry
Epsilon,Prehistory
Bathymetry,Geographic information systems
Reductive dechlorination,Cell metabolism
Template matching,Computer vision
Digital image processing,Digital image processing
Ethylene,General organic chemistry
Midwestern United States,Late modern period
Microalgae,Paleoclimatology
Organization,Industrial and organizational psychology
Intimate relationship,Developmental psychology
Microbial ecology,Bioinformatics
Glacial period,Global change
Clearcutting,Conservation biology
Fire,Air pollution
Population ecology,Growth models
Trophic level,Ecosystems
Last Glacial Maximum,Global change
Geology,Stratigraphy
Genetics,Population genetics
History of life,Paleoclimatology
Soil fertility,Conservation biology
Global warming controversy,Global change
Holocene,Paleoclimatology
Arbuscular mycorrhiza,Plant physiology
Altitudinal zonation,Ecosystems
Holocene extinction,Conservation biology
Plantation,Conservation biology
Food web,Ecosystems
Taxonomic rank,General Zoology
Bog,Ecosystems
Limiting factor,Ecosystems
Trace gas,Global change
Stream restoration,Water pollution
Industrial Revolution,Late modern period
Phylogenetic tree,Ethology
Molecular phylogenetics,Ethology
Eutectic system,Metallurgy
Ice age,Global change
Holocene climatic optimum,Global change
Anthropogenic hazard,Environmental sociology
Desert climate,Abrahamic religions
Spruce,Plant morphology
Climate sensitivity,Global change
Ecosystem ecology,Ecosystems
Chemical transport model,Meteorology
Moss,Plant physiology
Competition,Mathematical economics
Agricultural land,Conservation biology
Methane,Aerospace engineering
Population bottleneck,Population genetics
Apex predator,Conservation biology
Cultural landscape,Ecosystems
Flowering plant,Plant physiology
Leaf,Plant physiology
Protist,Cell composition
Fungus,Cell composition
Protozoa,Cell composition
Randomness,Cryptography
Microbiota,Infectious diseases
Arctic methane emissions,Global change
Weed,Conservation biology
Earthworm,Geomorphology
Mutation,Population genetics
Taxon,General Zoology
Atmosphere,Atmosphere
North America,Abrahamic religions
Effects of climate change,Global change
Marine pollution,General marine biology
Negative feedback,Control theory
Greenhouse gas,Global change
Deep ecology,Ethics
History of evolutionary thought,Population genetics
Shifting cultivation,Conservation biology
X-ray microtomography,Medical image computing
Earth system science,General physical geography
Springtail,Ecosystems
Forest ecology,Conservation biology
Pasture,Conservation biology
Keystone species,Conservation biology
Atmospheric methane,Global change
Ploidy,Cell composition
Herbaceous plant,Plant physiology
Physiology,Cell communication
Peptide,Biochemistry
Eukaryote,Cell composition
Photosynthesis,Cell composition
Mediterranean Basin,Early modern period
Autotroph,Cell composition
Species complex,Ecosystems
Interglacial,Global change
Plant litter,Conservation biology
Climate change feedback,Global change
Genetic distance,Population genetics
Sequence,General topology
Microbial consortium,Cell composition
Mixture,Phase transitions
History of agriculture,Prehistory
Canopy (biology),Conservation biology
Siberia,Late modern period
Ecological footprint,Ecological economics
Soil structure,Conservation biology
Taxonomy (biology),General Zoology
Tundra,Global change
Climax community,Ecosystems
Diversity index,Conservation biology
Terrestrial ecosystem,Ecosystems
El Niño–Southern Oscillation,Global change
Attribution of recent climate change,Global change
Palynology,Paleoclimatology
Baltic Sea,Late modern period
Secondary succession,Ecosystems
"20th century",Prehistory
Macroscopic quantum phenomena,Phase transitions
Carbon capture and storage,Global change
Alpha diversity,Conservation biology
Drought,Hydrology
Fertilizer,Conservation biology
Eastern Europe,Early modern period
Seed,Plant physiology
Normalized difference vegetation index,Cell composition
Macroscopic scale,Quantum field theory
Tropical vegetation,Conservation biology
Life history theory,Growth models
Natural science,Epistemology
Pine,Plant morphology
Introduced species,Conservation biology
Cover crop,Conservation biology
Soil type,Geomorphology
Continental shelf,Marine engineering
Troposphere,Meteorology
Decomposer,Ecosystems
Dissolved organic carbon,General marine biology
Ice core,Global change
Fagus sylvatica,Plant morphology
Acer pseudoplatanus,Plant morphology
Sustainable forest management,Conservation biology
Foraging,Ethology
Carbon sequestration,Global change
Ecotone,Conservation biology
Tree line,Ecosystems
Fertilisation,Cell composition
Pollen,Plant physiology
Competition (biology),Ecosystems
Picea abies,Plant morphology
Biomass (ecology),Ecosystems
Climate variability and change,Global change
Biome,Conservation biology
Amazon rainforest,Conservation biology
Reductionism,Epistemology
Rainforest,Conservation biology
Temperate climate,Abrahamic religions
Non-vascular plant,Plant physiology
Central Europe,Late modern period
Phenology,Conservation biology
Methane emissions,Global change
Microbiological culture,Infectious diseases
Landscape connectivity,Conservation biology
Forest cover,Conservation biology
Predation,Ecosystems
Palm oil,Biochemistry
Soil retrogression and degradation,Conservation biology
Cycling,Air pollution
Mycorrhiza,Plant physiology
Carbon sink,Global change
Sphagnum,Ecosystems
Deciduous,Plant physiology
Extreme weather,Global change
Abies alba,Plant morphology
Forest management,Conservation biology
Past,General history
Deforestation,Conservation biology
Biogeochemistry,Ecosystems
Microbial loop,General marine biology
Ecosystem engineer,Conservation biology
Synthetic biology,Synthetic biology
Abundance (ecology),Conservation biology
Regeneration (biology),Cell composition
Grazing,Conservation biology
Arable land,Conservation biology
Litter,Waste management and resource recovery
Tropical rainforest,Conservation biology
Peat,Ecosystems
Polar night,Global change
Greenhouse effect,Global change
Polar amplification,Global change
Iodine,General organic chemistry
Ammonium sulfate,General organic chemistry
Ultrafine particle,Ceramic engineering
Mercury (element),General organic chemistry
Arctic Ocean,Global change
Air quality index,Air pollution
Cloud computing,Internet
Ionizing radiation,Radiology
Ground-level ozone,Air pollution
Sea salt,Coordination chemistry
Python (programming language),Programming languages
Creative Commons license,Copyright law
Sea spray,General marine biology
Air mass,Meteorology
Sulfur,General organic chemistry
Sulfuric acid,General organic chemistry
Ice nucleus,Meteorology
Emissions trading,Global change
Arctic Circle,Global change
Cloud seeding,Meteorology
Instrumentation,Control system
Cirrus cloud,Meteorology
Condensation,Phase transitions
Particulate organic matter,General marine biology
Sulfur dioxide,General organic chemistry
Tibetan Plateau,Global change
Biogenic substance,Paleoclimatology
Dimethyl sulfoxide,General organic chemistry
Aerosol spray dispenser,Global change
Noise pollution,Architectural acoustics
Mineral dust,Air pollution
Cloud physics,Meteorology
Sulfate,General organic chemistry
Aircraft,Aerospace engineering
Constitutive equation,Tensor analysis
Particle image velocimetry,Astronomical spectrometry
Geothermal energy,Geothermal power
Game theory,Mathematical economics
Privacy policy,Computer security threats
Strain rate,Fluid mechanics
Boussinesq approximation (water waves),Atmosphere
Atmospheric instability,Meteorology
Online advertising,Product promotion
Thermal wind,Meteorology
Boundary element method,Computational electromagnetics
Drag coefficient,Aerospace engineering
Radiosonde,Meteorology
Multigrid method,Numerical analysis
Immersed boundary method,Discrete exterior calculus
Microbotics,Robotics
Wireless,General telecommunications
Shear velocity,Fluid mechanics
Wind turbine,Solar engineering
India Meteorological Department,Meteorology
Temperature measurement,Thermodynamics
Borehole,Global change
Information privacy,Computer security threats
Reynolds number,Fluid mechanics
Location,Geographic information systems
Privacy,Computer security threats
Turbine,Hydroelectricity
Turbulence modeling,Fluid mechanics
Diurnality,General Chronobiology
Urban heat island,Air conditioning
Valley,Ecosystems
Vapor,Phase transitions
Wireless network,General telecommunications
Heat sink,Air conditioning
Random graph,Graph theory
Boundary layer control,Aerospace engineering
Mobile wireless sensor network,Computer security threats
IBM,Internet
Computer network,Internet
Monin–Obukhov similarity theory,Cultural history
Radiation pressure,Stellar astronomy
Parametrization (geometry),Euclidean geometry
Multivariate normal distribution,Probability distributions
Grenoble,Late modern period
Geostrophic wind,Meteorology
Camera,Optics
Instability,Plasma physics
Evaporative cooler,Air conditioning
Distributed temperature sensing,General telecommunications
Raman spectroscopy,Astronomical spectrometry
Quantity,Heating
Scale invariance,Chaos theory
Afternoon,Stellar astronomy
Coordinate system,Euclidean geometry
Wind farm,Solar engineering
Wind power forecasting,Solar engineering
Cell culture,Cell composition
HEK 293 cells,Cell composition
Genome,General molecular biology
Uranium ore,Nuclear power
Gram-positive bacteria,Infectious diseases
Recombinant DNA,General molecular biology
Sulfate-reducing microorganism,Cell metabolism
Green fluorescent protein,Photochemistry
Iron,Metallurgy
Immune response,Immunology
Hydrogen sulfide,General organic chemistry
Corrosion,Electrochemistry
Gene expression,General molecular biology
Growth medium,Infectious diseases
Shewanella oneidensis,Air pollution
Adaptive immune system,Immunology
Protein production,General molecular biology
Microbial mat,Paleoclimatology
Scanning transmission electron microscopy,Nanotechnology
Metal,Metallurgy
Culture,Ethnography
Monomer,Polymer chemistry
Materials science,Solid-state physics
Biomineralization,Paleoclimatology
CpG site,General molecular biology
Iron(II) sulfide,Conservation biology
Transmission electron microscopy,Nanotechnology
Antibody,Immunology
Protein,Biochemistry
Phosphate,Biochemistry
Silver nanoparticle,Nanotechnology
Plasmid,Cell composition
Clinical trial,Experiment
Sulfur cycle,Cell metabolism
Isotopes of uranium,Nuclear power
X-ray absorption spectroscopy,Surface science
Sulfur-reducing bacteria,Cell metabolism
Magnetite,Opinion poll
Electron diffraction,Nanotechnology
Stem cell,Tissue engineering
Scanning electron microscope,Nanotechnology
Isotopic signature,Paleoclimatology
Sulfide,General organic chemistry
Immortalised cell line,Cell composition
Clostridium,Infectious diseases
Monoclonal antibody,Immunology
Uranium,Nuclear physics
Marine microorganisms,General marine biology
Vaccine,Infectious diseases
Cell membrane,Cell communication
Reducing atmosphere,Coordination chemistry
Xenon,Coordination chemistry
Hydrothermal vent,Paleoclimatology
Absorption spectroscopy,Optics
Auger electron spectroscopy,Astronomical spectrometry
Clay,Mineralogy
Radioactive waste,Nuclear power
Depleted uranium,Late modern period
Enriched uranium,Nuclear power
Deep geological repository,Nuclear power
Bacterial growth,Chaos theory
Transgene,General molecular biology
High-resolution transmission electron microscopy,Nanotechnology
Bacillus,Infectious diseases
Uranium-238,Nuclear power
Anoxic waters,Water pollution
Spore,Plant physiology
Microbial metabolism,Cell metabolism
Paddy field,Global change
Chinese hamster ovary cell,Genomics
Proteomics,Bioinformatics
Regulation of gene expression,General molecular biology
Expression vector,General molecular biology
Cell growth,Cell communication
Optical properties,Optics
Cell-mediated immunity,Immunology
Catalysis,General organic chemistry
Crystal,Solid-state physics
Luminescence,Cell communication
Photoluminescence,Cell communication
Transfection,General molecular biology
Isotope fractionation,Paleoclimatology
Reactive oxygen species,Cell metabolism
Acid,Coordination chemistry
Gene delivery,Genetic engineering
Energy-dispersive X-ray spectroscopy,Astronomical spectrometry
Bioreactor,Genetic engineering
DNA,General molecular biology
Calcium phosphate,General organic chemistry
Lymph node,Immunology
Bacillus subtilis,Cell composition
Methylation,Biochemistry
Arsenic,Metallurgy
Fusion protein,General molecular biology
Electron microscope,Nanotechnology
Order of magnitude,Chaos theory
Environmental impact assessment,Air pollution
Life-cycle assessment,Global change
DNA sequencing,Genomics
Food additive,Cell metabolism
Surfactant,Cosmetics
Hair,Cell composition
Mussel,General marine biology
Adverse effect,Pharmacokinetics
Desorption,Surface science
Plastic bag,Waste management and resource recovery
Aquaculture,Fish farming
Photocatalysis,Electrochemistry
Groundwater remediation,Air pollution
Manganese,Metallurgy
Molecular biology,General molecular biology
Film,Mass communication
Pearson correlation coefficient,Regression analysis
Organic chemistry,General organic chemistry
Trace element,Metallurgy
Statistical inference,Bayesian inference
Marine habitats,General marine biology
Gut microbiota,Infectious diseases
Pesticide residue,Food chemistry
Micelle,Cosmetics
Body fluid,Infectious diseases
Dietary Reference Intake,Cell metabolism
Stomach,Infectious diseases
Visible spectrum,Painting
European Communities,Cell physiology
Bacteriophage,Cell composition
Bacterial cell structure,Infectious diseases
Bioinformatics,Bioinformatics
Disinfectant,Infectious diseases
Energy conservation,Ventilation
Zebra mussel,Conservation biology
Inductively coupled plasma mass spectrometry,General analytical chemistry
Czech Republic,Late modern period
Computational linguistics,Natural language processing
Chlorine,General organic chemistry
Benthos,General marine biology
Addition,Abstract algebra
Radioactive contamination,Nuclear power
Chromatography,General analytical chemistry
Carcinogen,Air pollution
Gastrointestinal tract,Infectious diseases
X-ray photoelectron spectroscopy,Astronomical spectrometry
Acid mine drainage,Conservation biology
Concentration,Biochemistry
High-throughput screening,Drug discovery
Benthic zone,General marine biology
Rainbow trout,Fish farming
High-temperature superconductivity,Phase transitions
Solid oxide fuel cell,Electrochemistry
Functional group,General organic chemistry
Fluorescence,Photochemistry
Amino acid,Biochemistry
Small-angle X-ray scattering,Quantum field theory
G protein-coupled receptor,Cell communication
Fly ash,Late modern period
Ligand-gated ion channel,Cell communication
Particle size,Ceramic engineering
Algae fuel,General biotech
Heterogeneous catalysis,Chemical kinetics
Rare-earth element,Coordination chemistry
Cellular differentiation,Cell composition
Membrane protein,Cell communication
Heat treating,Metallurgy
Perovskite (structure),Mineralogy
Ligand,Coordination chemistry
Biofuel,General biotech
Biodiesel,Air pollution
Polymer characterization,Polymer chemistry
Dielectric spectroscopy,Tensor analysis
Solid,Solid-state physics
Flue gas,Air pollution
Impurity,Solid-state physics
Waste management,Waste management and resource recovery
Nickel,Metallurgy
Municipal solid waste,Waste management and resource recovery
Incineration,Waste management and resource recovery
Chromophore,Cell communication
Ligand (biochemistry),Biochemistry
Cell surface receptor,Cell communication
Solar cell,Solar engineering
Anode,Electrochemistry
Gasification,Air pollution
Signal transduction,Cell communication
Solar-cell efficiency,Solar engineering
Brackish water,Global change
Reporter gene,General molecular biology
Live-cell imaging,Cell cycle
Electronic waste,Waste management and resource recovery
Abundance of the chemical elements,Coordination chemistry
Escherichia coli,Cell composition
Closed system,Thermodynamics
Cell signaling,Cell communication
Perovskite solar cell,Solar engineering
Calcium carbonate,Mineralogy
Biomarker,Pathology
Small molecule,Drug discovery
Binding site,Biochemistry
Biogas,Waste management and resource recovery
Receptor (biochemistry),Cell communication
Carboxylic acid,General organic chemistry
Algae,Cell composition
Olfactory receptor,Cell communication
Alkali metal,Coordination chemistry
Recycling,Waste management and resource recovery
Melanoma,Pathology
Supercritical fluid,Electricity generation
Dye,General organic chemistry
"5-HT3 receptor",Cell communication
Electrochemistry,Electrochemistry
Biomechanics,Biomechanics
Fruit,Plant physiology
Pattern recognition,General machine learning
Alpine plant,Conservation biology
Apparent magnitude,Stellar astronomy
Maxwell–Boltzmann distribution,Thermodynamics
Germination,Plant physiology
Gabion,Geotechnical investigation
Superconductivity,Phase transitions
Riparian-zone restoration,Ecosystems
Yield (engineering),Metallurgy
Magnetic field,Electrostatics
Volumetric flow rate,Fluid mechanics
Building,General architectural engineering
Energy development,Global change
Biological process,Cell composition
Plant physiology,Plant physiology
Cantilever bridge,Practical structural engineering
Entropy,Thermodynamics
Extracellular polymeric substance,Infectious diseases
Refractive index,Optics
Soil microbiology,Conservation biology
Biosensor,Nanotechnology
Colloid,Electrochemistry
Electromagnetic field,Electrostatics
Empiricism,Epistemology
Sustainable energy,Global change
Social system,Complex systems
Integrative psychotherapy,Psychiatry
Complex adaptive system,Complex systems
Group dynamics,Social psychology
Energy demand management,Solar engineering
Pesticide application,Conservation biology
Urban metabolism,Ecological economics
Overconsumption (economics),Conservation biology
Sustainability measurement,Aerospace engineering
Glass transition,Polymer chemistry
Carbon footprint,Global change
Logistic regression,Regression analysis
Sociotechnical system,Complex systems
Knowledge economy,Knowledge management
Potential energy,Classical mechanics
Conceptual model,Systems architecture
Project management,Project management
Potential,Classical mechanics
Environmental governance,Conservation biology
Structuralism,Critical theory
Transdisciplinarity,Ethnography
Energy industry,Global change
Common-pool resource,Conservation biology
Political sociology,Ethnography
Transition metal,Coordination chemistry
Geographic mobility,Urban geography
Circular economy,Global change
Socio-ecological system,Ecosystems
Social network analysis,Graph theory
Societal collapse,Futures studies
Sustainable urbanism,Urban geography
Internal energy,Thermodynamics
Systemics,Complex systems
Psychological resilience,Positive psychology
Nuclear and radiation accidents and incidents,Nuclear power
Science and technology studies,Philosophy of science
Zero-energy building,Ventilation
Social norm,Ethnography
Demand,Mathematical economics
Question,Operating systems
Energy system,Computational mechanics
Energy supply,Ecological economics
Concrete,Late modern period
Phase transition,States of matter
Goods,Mathematical economics
Electric potential,Electrostatics
Scenario planning,Futures studies
Economy,Mathematical economics
Ecological systems theory,Developmental psychology
Operationalization,Epistemology
Cooling tower,Air conditioning
Determinant,Linear algebra
Cooperative,Economic systems
Transition state theory,Chemical kinetics
Empirical research,Experiment
Energy security,Global change
Agent-based model,General machine learning
Mental model,Relational databases
Ethanol,General organic chemistry
Advanced Composition Explorer,Plasma physics
Humic substance,Conservation biology
Impact factor,Internet
Tissue (biology),Cell composition
Cancer,Pathology
Fossil,Paleoclimatology
Hygroscopy,General organic chemistry
Bioaerosol,Air pollution
Fluorescence microscope,Photochemistry
Confocal microscopy,Histology
Athens,Early modern period
Golgi apparatus,Cell communication
Soil mechanics,Geotechnical investigation
Thermogravimetric analysis,Data warehouses
Glucose,Biochemistry
Ammonia,General organic chemistry
Absorption (electromagnetic radiation),Optics
Fluorescent lamp,Plasma physics
Active transport,Cell communication
Temperature gradient,Meteorology
Activity coefficient,Electrochemistry
Exoskeleton,Paleoclimatology
Inorganic chemistry,Coordination chemistry
Chemical property,Drug discovery
Environmental toxicology,Toxicology
Cloud cover,Meteorology
Composite material,Aerospace engineering
Lunar water,Aerospace engineering
Dust,Air pollution
Ageing,Cell cycle
Fluorescence-lifetime imaging microscopy,Photochemistry
Isotopic labeling,General archaeology
Deep-water coral,Cell composition
Carbonaceous chondrite,Atmosphere
Sentinel-2,Geographic information systems
Intravenous therapy,Cell metabolism
Lipid,Cell metabolism
Mid-ocean ridge,Geochemistry
Vadose zone,Hydrogeology
Aragonite,Mineralogy
Bioindicator,Water pollution
K-means clustering,General machine learning
Mammal,Ethology
Ion,General organic chemistry
Geometry,Euclidean geometry
Mexico City,Late modern period
Model organism,Ethology
Partial melting,Geochemistry
East Asia,Late modern period
Continent,Early modern period
Freezing,Phase transitions
Meteorite,Atmosphere
Nucleation,Phase transitions
Mole fraction,Biochemistry
Metabolic pathway,Cell metabolism
Nebular hypothesis,Atmosphere
Number density,Thermodynamics
Oxidative stress,Cell metabolism
Natural language processing,Natural language processing
Nitric acid,General organic chemistry
Indoor air quality,Ventilation
Oxide,General organic chemistry
Oort cloud,Atmosphere
Ice crystals,Meteorology
Imaging,Optics
Powder diffraction,Mineralogy
Pacific Ocean,Early modern period
Nitric oxide,Geopolitics
Property,Common law
Physical chemistry,Physical organic chemistry
Magnesium sulfate,General organic chemistry
Isotopes of oxygen,Paleoclimatology
Mass concentration (chemistry),Biochemistry
Red Sea,Early modern period
NOx,Air pollution
Smoke,Air pollution
Silver,Metallurgy
Atmospheric escape,Atmosphere
Skeleton,Histology
Molar concentration,Biochemistry
Nitrogen oxide,Global change
Southeast Asia,Late modern period
Thermodynamics,Thermodynamics
Epithelium,Cell communication
Atmospheric river,Meteorology
Toxicology,Toxicology
DNA barcoding,General Zoology
Atlanta,International Style
Urinary bladder,General physical therapy
Iron meteorite,Opinion poll
Wave–particle duality,Quantum field theory
Green algae,Cell composition
Zinc,Metallurgy
Data science,Data warehouses
Non-negative matrix factorization,General machine learning
Vertebrate,Evolutionary developmental biology
Chicken,Ethology
Oxidation state,Coordination chemistry
Optical depth,Optics
Platinum group,Metallurgy
Symbiosis,Cell composition
Mexico,Abrahamic religions
Soil texture,Geomorphology
Bicarbonate,Coordination chemistry
Deposition (geology),Geomorphology
Photosynthetic efficiency,Cell metabolism
Bias,Mass communication
Value (ethics and social sciences),Ethnography
Dielectric,Tensor analysis
Drop (liquid),Surface science
Photodynamic therapy,Photochemistry
Irrigation,Hydrology
Cell (biology),Cell composition
American Chemical Society,Internet
Star formation,Stellar astronomy
Calcite,Mineralogy
Bose–Einstein condensate,Phase transitions
Application software,Operating systems
Oxygen toxicity,General physiology
Asteroid belt,Atmosphere
Cloud forcing,Meteorology
Cumulus cloud,Meteorology
Hierarchical clustering,General machine learning
Foraminifera,Paleoclimatology
Zooxanthellae,Paleoclimatology
Behavior,Applied behavior analysis
Fossil fuel,Global change
Ultrastructure,Tissue engineering
Accretion disk,Stellar astronomy
Blood vessel,Cardiology
Road transport,Air pollution
Zebrafish,Cell composition
Larva,Evolutionary developmental biology
Cellular compartment,Cell communication
Geomatics,Geographic information systems
Fluorescence spectroscopy,Photochemistry
Time-resolved spectroscopy,Femtochemistry
Chemistry,Coordination chemistry
Cytoplasm,Cell communication
Chemical equilibrium,Biochemistry
Glucocorticoid,Infectious diseases
Chondrite,Atmosphere
Permittivity,Tensor analysis
Droplet-based microfluidics,Biochemistry
Marine ecosystem,General marine biology
Atmospheric model,Meteorology
Enzyme inhibitor,Biochemistry
Wildfire,Conservation biology
Cretaceous,Paleoclimatology
Combustion,Air pollution
Capillary,Infectious diseases
Chemical element,Coordination chemistry
Particle number,Thermodynamics
Iron–nickel alloy,Atmosphere
Dry ice,Phase transitions
Bioaccumulation,Coordination chemistry
Comet,Atmosphere
Chemical engineering,Chemical reactors and reactions
Electrical resistivity and conductivity,Solid-state physics
Dinoflagellate,Cell composition
Cell wall,Cell composition
Supersaturation,Phase transitions
Cell biology,Cell composition
Angiogenesis,Cell communication
Secondary ion mass spectrometry,General analytical chemistry
Redox,General organic chemistry
Red blood cell,Infectious diseases
Stress concentration,Practical structural engineering
Ammonium,General organic chemistry
Weathering,Mineralogy
Hydroxyl radical,Global change
Drip irrigation,Hydrology
Asteroid,Atmosphere
Preferential attachment,Graph theory
Atmospheric physics,Meteorology
Southeastern United States,Late modern period
Angular diameter,Stellar astronomy
Contiguous United States,Global change
Fingerprint,Computer security threats
Nanomaterials,Nanotechnology
Scleractinia,Paleoclimatology
Volatiles,Atmosphere
Ammonium nitrate,General organic chemistry
Endosymbiont,Cell composition
Heterotroph,Cell composition
Isoprene,General organic chemistry
Non-methane volatile organic compound,Air pollution
Mediterranean climate,Abrahamic religions
Ny-Ålesund,Global change
Fischer projection,Stereochemistry
Actuator,Robotics
Graphic design,Painting
Scattering,Optics
Emission intensity,Global change
Street,Traffic engineering
Inverse problem,Seismology
Conflict of interest,Audit
Super-resolution microscopy,Histology
Human genome,General molecular biology
Plateau,Geomorphology
Optical coherence tomography,Cell composition
Ho Chi Minh City,Late modern period
Metropolitan area,Urban geography
Reclaimed water,Water pollution
Cellular respiration,Cell metabolism
Functional genomics,Bioinformatics
Aqueous solution,General organic chemistry
Secondary metabolism,Drug discovery
Phytoremediation,Air pollution
Chemical reactor,Chemical reactors and reactions
Drug metabolism,Cell metabolism
Staphylococcus aureus,Infectious diseases
Band gap,Solid-state physics
Flocculation,Water pollution
Gel electrophoresis,General molecular biology
Hydrogen,General organic chemistry
Bacterial capsule,Infectious diseases
Quantitative proteomics,Solar engineering
Activated sludge,Water pollution
Hydroponics,Conservation biology
Hydrogen peroxide,General organic chemistry
Vitamin B12,Cell metabolism
Flavin adenine dinucleotide,Cell metabolism
Regulation,Mathematical economics
ATP-binding cassette transporter,Cell communication
Integral membrane protein,Cell communication
Anoxic event,Paleoclimatology
Chemical plant,Chemical reactors and reactions
Chaperone (protein),Biochemistry
High-performance liquid chromatography,General analytical chemistry
Fecal coliform,Water pollution
Lichen,Cell composition
Operon,General molecular biology
Alternative medicine,History of science
Active site,Biochemistry
Singlet oxygen,Coordination chemistry
Methicillin-resistant Staphylococcus aureus,Infectious diseases
Enrichment culture,Cell composition
Mitochondrion,Cell communication
Acetic acid,General organic chemistry
Radical (chemistry),General organic chemistry
Selective breeding,Ecosystems
Horizontal gene transfer,Cell composition
Whole genome sequencing,Genomics
Titanium dioxide,General organic chemistry
Secondary metabolite,Drug discovery
Atomic force microscopy,Nanotechnology
Charge transfer coefficient,Electrochemistry
Pseudogene,General molecular biology
Brown algae,Cell composition
Phenols,General organic chemistry
Methylene blue,Photochemistry
Aromaticity,General organic chemistry
Pseudomonadota,Infectious diseases
Restriction enzyme,General molecular biology
Synergy,Complex systems
Semiconductor,Solid-state physics
Surface area,Euclidean geometry
Iron oxide,Metallurgy
Sunlight,Global change
Data storage,Operating systems
Sputtering,Nuclear physics
Stoichiometry,Biochemistry
Rhizosphere,Plant physiology
Carotenoid,Cell metabolism
Solar water disinfection,Water pollution
Propionic acid,Cell metabolism
Ultraviolet,Plasma physics
Detoxification,Cell metabolism
X-ray crystallography,Mineralogy
Enhanced biological phosphorus removal,Water pollution
Atomic layer deposition,Optics
Nitrification,Ecosystems
Photochemistry,Photochemistry
Cotton,Late modern period
Genus,General Zoology
Biochemistry,Cell metabolism
Plant taxonomy,Plant physiology
Complementary colors,Painting
Cod,Late modern period
Xenobiotic,Cell metabolism
Salmonella,Infectious diseases
Plant nutrition,Conservation biology
Fecal sludge management,Water pollution
Metabolite,Cell metabolism
Polychlorinated biphenyl,Air pollution
Mechanical biological treatment,Waste management and resource recovery
Riboswitch,Biochemistry
Textile,Late modern period
Glycosyltransferase,Biochemistry
Denitrification,Ecosystems
Cofactor (biochemistry),Cell metabolism
Biological system,Infectious diseases
Gene prediction,Bioinformatics
Chemical industry,General organic chemistry
Biodegradable waste,Waste management and resource recovery
Reaction mechanism,Chemical kinetics
Biodegradable plastic,Waste management and resource recovery
Point mutation,General molecular biology
Renewable fuels,Air pollution
Reaction intermediate,Chemical kinetics
Impact crater,Atmosphere
Conservation of energy,Special relativity
Diffuse reflection,Optics
Cytochrome P450,Cell metabolism
Nitrifying bacteria,Cell metabolism
Biological carbon fixation,Cell composition
X-ray fluorescence,Astronomical spectrometry
Biodiesel production,General biotech
Harvest,Conservation biology
Solar thermal collector,Solar engineering
Mineralization (soil science),Conservation biology
Food safety,Food chemistry
Mutant,General molecular biology
Ultraviolet photoelectron spectroscopy,Astronomical spectrometry
Anaerobic exercise,Cell metabolism
Biology,Ethology
Comparative genomics,Genomics
Enzyme,Cell metabolism
Anaerobic organism,Cell metabolism
Evolutionary physiology,Population genetics
Antimicrobial,Infectious diseases
Isoelectric focusing,General molecular biology
Waste stabilization pond,Water pollution
X-inactivation,Cell composition
Mutation rate,Population genetics
Computer virus,Computer security threats
Virus,Infectious diseases
Pesticide resistance,Conservation biology
Manure,Conservation biology
Environmental health,Air pollution
Pathogen,Infectious diseases
Urine,Cell metabolism
Uninterruptible power supply,Electrochemistry
Reuse of human excreta,Water pollution
Chlorine dioxide,General organic chemistry
Antiviral drug,Infectious diseases
Brushless DC electric motor,Robotics
Electric motor,Power electronics
Experimental evolution,Population genetics
Synaptogenesis,Cell communication
Hematopoietic stem cell,Immunology
In vivo,Ethics
"3D reconstruction",Computer vision
Glycogen,Cell metabolism
Mouse,Ethology
Nuclear magnetic resonance spectroscopy,Astronomical spectrometry
Mineralogy,Mineralogy
Two-photon excitation microscopy,Digital signal processing
Neuron,Developmental neuroscience
Nanomedicine,Nanotechnology
Polymer,Polymer chemistry
Medical imaging,Radiology
Polymerization,Polymer chemistry
Nuclear magnetic resonance,Astronomical spectrometry
Antioxidant,Cell metabolism
Brain,Neuroanatomy
Skeletal muscle,Neurology
Photosynthetic reaction centre,Cell metabolism
Single cell sequencing,Biochemistry
Synaptic plasticity,Artificial neural networks
Symbiotic bacteria,Cell composition
Diatom,Paleoclimatology
Flow cytometry,Photochemistry
Mudflat,Global change
Symbiogenesis,Cell composition
Types of volcanic eruptions,Geochemistry
Synaptic pruning,Developmental neuroscience
Axon,Developmental neuroscience
South Asia,Prehistory
Binding energy,Nuclear physics
Hydrogen bond,General organic chemistry
Sea,General marine biology
Molecule,Coordination chemistry
Molecular dynamics,General computational chemistry
Electronic correlation,Quantum chemistry
Density functional theory,Quantum chemistry
Lennard-Jones potential,General computational chemistry
Petroleum,Global change
Markov chain Monte Carlo,Numerical analysis
Quantum chemistry,Quantum chemistry
Quantum computing,Quantum computing
Solvation,General organic chemistry
Ab initio quantum chemistry methods,Quantum chemistry
Acid dissociation constant,Coordination chemistry
Ionization,General analytical chemistry
Ionization energy,Coordination chemistry
Computational chemistry,Quantum chemistry
Alkane,General organic chemistry
Cluster analysis,General machine learning
Implicit solvation,General computational chemistry
Partition coefficient,Physical organic chemistry
Fluorescein angiography,Ophthalmology
Thin film,Optics
Frequency,Ultrasound
Animal,Evolutionary developmental biology
Carbon-dioxide laser,Aerospace engineering
Preclinical development,Drug discovery
Optical microscope,Histology
Attenuation coefficient,Optics
Neoplasm,Pathology
Copper,Metallurgy
Bronchoscopy,Intensive care medicine
Therapy,Infectious diseases
Histology,Pathology
Mass attenuation coefficient,Optics
Irradiation,Radiology
Laser diode,Optics
Serum albumin,Infectious diseases
Infrared,Astronomical spectrometry
Side effect,Clinical psychology
In vitro,Cell composition
Organ (biology),Infectious diseases
Healthy diet,Biochemistry
Protein design,General computational chemistry
Esophagus,Infectious diseases
Spectral line,Astronomical spectrometry
Doxorubicin,Pathology
Porphyrin,Coordination chemistry
Lung cancer,Pathology
Medical diagnosis,Psychiatry
Ion laser,Optics
Bladder cancer,Pathology
Endoscopy,Infectious diseases
Gallbladder,Infectious diseases
Spectral density,Time series
Colorectal cancer,Pathology
Optics,Optics
Cancer screening,Pathology
Gastrointestinal cancer,Pathology
Platinum,Metallurgy
Ruthenium,Metallurgy
Fluorescence correlation spectroscopy,Photochemistry
Autofluorescence,Photochemistry
Autocorrelation,Time series
Skin,Cell composition
Photosensitizer,Photochemistry
Sarcoma,Pathology
Nonimaging optics,Solar engineering
Oral mucosa,Cell communication
Quenching (fluorescence),Photochemistry
Chlorophyll fluorescence,Cell composition
Carcinoma,Pathology
Bronchus,Infectious diseases
Protein tertiary structure,Biochemistry
Cytotoxicity,Immunology
P-Cymene,Cosmetics
Lesion,Pathology
Wavelength,Optics
Route of administration,Pharmacokinetics
Optical fiber,General photonics
Phases of clinical research,Pharmacokinetics
Pancreatic cancer,Pathology
Frequency domain,Digital signal processing
Fuel injection,Embedded systems
Optical engineering,Optics
Brain tumor,Ophthalmology
Activation energy,Chemical kinetics
Conjugate (acid-base theory),Coordination chemistry
Vapor pressure,Phase transitions
Oral cancer,Pathology
Ovarian cancer,Pathology
Radio frequency,General telecommunications
Patient,Psychiatry
Partial pressure,General physiology
Optical lens design,Optics
Spectrometer,Astronomical spectrometry
Pathology,Psychiatry
Human brain,Neuroanatomy
Clinical psychology,Psychiatry
Fluorescein,Photochemistry
Fluorophore,Photochemistry
Endothelium,Infectious diseases
Aminolevulinic acid,Coordination chemistry
Squamous-cell carcinoma,Pathology
Immunofluorescence,Histology
Circulatory system,Cardiology
Image intensifier,Plasma physics
Magnification,Optics
Chemical vapor deposition,General photonics
Formaldehyde,General organic chemistry
Drug injection,Behavioral psychology
Charge-coupled device,Digital image processing
Basal-cell carcinoma,Pathology
Van der Waals force,Algebraic logic
Ultraviolet–visible spectroscopy,Astronomical spectrometry
Chemotherapy,Pathology
Anti-inflammatory,Cardiology
Derivative,Calculus
Selective laser sintering,General biotech
Substrate (chemistry),Biochemistry
Atherosclerosis,Cardiology
Plasma-enhanced chemical vapor deposition,Optics
Topical medication,Pharmacokinetics
Laser-induced fluorescence,Photochemistry
Protoporphyrin IX,Coordination chemistry
Macular degeneration,Ophthalmology
Atom,Nuclear physics
Drug,Pharmacokinetics
Pharmacokinetics,Pharmacokinetics
Climatology,Global change
Microwave,General telecommunications
Nitrogen dioxide,Global change
Room temperature,Thermodynamics
Flash flood,Meteorology
South Korea,Late modern period
Weather,Meteorology
Orographic lift,Meteorology
Carbon monoxide poisoning,General physiology
Lightning,Electric power transmission
Weather radar,Meteorology
Case–control study,General Epidemiology
Filtration,Chemical reactors and reactions
Chemical compound,General organic chemistry
Carbon dioxide scrubber,Global change
Invertebrate,Evolutionary developmental biology
Life,Biochemistry
Glacier National Park (U.S.),Hydroelectricity
General Dynamics,Aerospace engineering
Last Glacial Period,Global change
Mechanics,Classical mechanics
Quantum mechanics,Quantum field theory
Debris flow,Geomorphology
Blood pressure,Cardiology
Estimator,Probability distributions
GPS signals,Global Navigation Satellite Systems
Field-programmable gate array,Application-specific integrated circuit
Fast Fourier transform,Digital signal processing
Dead reckoning,Global Navigation Satellite Systems
Bundle adjustment,Computer vision
Energy harvesting,Solar engineering
Differential signalling,General telecommunications
Precision agriculture,Geographic information systems
Automotive navigation system,Global Navigation Satellite Systems
The Challenge (TV series),Electrical networks
Integral,Calculus
Ephemeris,Atmosphere
Ultra-wideband,General telecommunications
Function (mathematics),General topology
Antenna (radio),General telecommunications
Moon,Atmosphere
Mergers and acquisitions,Copyright law
Personal digital assistant,Operating systems
Real-time kinematic positioning,Global Navigation Satellite Systems
Piezoelectricity,Ultrasound
Low-noise amplifier,Electrical networks
Synchronization,Global Navigation Satellite Systems
Signal processing,Analog signal processing
Superheterodyne receiver,Consumer electronics
Galileo Galilei,Early modern period
Rotation around a fixed axis,Dynamics
Spacecraft,Aerospace engineering
Analog-to-digital converter,Digital signal processing
Geostationary orbit,Global Navigation Satellite Systems
Multipath propagation,General telecommunications
Phased array,General telecommunications
Phase-shift keying,General telecommunications
Signal-to-noise ratio,Analogue electronics
Navigation system,Global Navigation Satellite Systems
Gyroscope,Global Navigation Satellite Systems
Invention,Copyright law
Altimeter,Fluid mechanics
Low Earth orbit,Global Navigation Satellite Systems
Radio receiver,General telecommunications
CMOS,Digital electronics
Bayesian inference,Bayesian inference
Environmental engineering,General biotech
Fourier transform,Digital signal processing
Code,Coding theory
Cramér–Rao bound,Probability distributions
Surveying,Geographic information systems
Transmitter,General telecommunications
Electric energy consumption,Solar engineering
CubeSat,Global Navigation Satellite Systems
Angular velocity,Dynamics
Medium Earth orbit,Global Navigation Satellite Systems
Concept,Epistemology
Prototype,Software development process
Data model,Relational databases
Digital signal processing,Analog signal processing
Doppler effect,Astronomical spectrometry
Earth,Geodesy
Aluminium oxide,Metallurgy
Catalytic converter,Air pollution
Gel,Tissue engineering
Water supply,Water pollution
Greenland ice sheet,Global change
Greenland,Early modern period
Global temperature record,Global change
Harmonic oscillator,Quantum field theory
Floating wind turbine,Wind energy
Wind resource assessment,Solar engineering
Wind-turbine aerodynamics,Solar engineering
Patterns in nature,Evolutionary developmental biology
Analytical psychology,Positive psychology
Gas turbine,Thermodynamics
Farm,Conservation biology
Wind turbine design,Wind energy
