"SCIPER","PageTitleDisplay","Score"
100810,Sciences Po,0.141986
100810,French language,0.0647658
100810,Role,0.419711
100810,Axe,0.00347817
100810,Mathematical economics,0.0775135
100810,Urban green space,0.197131
100810,Paris,0.0456677
100810,Radon,0.0348595
100810,Participatory action research,0.0188962
100810,Time zone,0.301483
100810,OECD,0.0380855
100810,Brussels,0.010407
100810,Gender role,0.0393324
100810,Pluto,0.00445517
100810,French Air and Space Force,0.0478653
100810,Theories of urban planning,0.143554
100810,History of urban planning,0.0993929
100810,Urban planning,0.554186
100810,Urban design,0.106877
100810,Charles de Gaulle,0.0127615
100810,Village,0.0112701
100810,Gothic architecture,0.126044
100810,HEC Paris,0.0398016
100810,France,0.0295864
100810,West Africa,0.362123
100810,Demographics of France,0.029262
100810,Urban area,0.366738
100810,Quebec,0.0112009
100810,Henri Lefebvre,0.0695861
100810,Swiss cuisine,0.0315397
100810,Digital economy,0.0551769
105782,Wireless sensor network,0.366115
105782,Fast Fourier transform,0.0241816
105782,Artificial intelligence,0.422548
105782,Maximum likelihood estimation,0.0948701
105782,Computational economics,0.112776
105782,A.I. Artificial Intelligence,0.151626
105782,Digital signal processor,0.0903627
105782,Quorum sensing,0.124951
105782,Language,0.439855
105782,Microsoft Windows,0.014877
105782,Geography,0.0857013
105782,Birth control,0.108333
105782,Cybernetics,0.0545038
105782,Robotics,0.395186
105782,Operating system,0.12826
105782,Remote sensing,0.148542
105782,Programming language,0.532932
105782,Method (computer programming),0.0174749
105782,Machine learning,0.374944
105782,Military robot,0.0836672
105782,Physical chemistry,0.0400787
105782,Distributed artificial intelligence,0.261355
105782,Python (programming language),0.614277
105782,Knowledge,0.461443
105782,Distributed generation,0.0582341
105782,Robot,0.288623
105782,Measuring instrument,0.0778086
105782,Multi-armed bandit,0.0507313
105782,Self-organization,0.419652
105782,Robust statistics,0.0186058
105782,Signal processing,0.325163
105782,Computational fluid dynamics,0.124172
105782,Tool,0.335049
105782,"3D modeling",0.128936
105782,Particle swarm optimization,0.0850383
105782,Delphi method,0.0984313
105782,Mobile robot,0.414577
105782,Genetic algorithm,0.0373186
105782,Prisoner's dilemma,0.0234558
105782,Neuroevolution,0.0541888
105782,Nash equilibrium,0.0518248
105782,Autonomous robot,0.0774701
105782,Central Intelligence Agency,0.0334678
105782,Software,0.121962
105782,Computer programming,0.231954
105782,Community,0.042948
105782,Artificial general intelligence,0.169047
105782,Three Laws of Robotics,0.100409
105782,Computational chemistry,0.322969
105782,C (programming language),0.1681
105782,Attention (machine learning),0.181005
105782,Swarm intelligence,0.51426
105782,Oral tradition,0.101407
105782,System,0.857233
105782,System of systems,0.201198
105782,Digital signal processing,0.177344
105782,Spatial memory,0.0903395
105782,Binoculars,0.028203
105782,Epistemology,0.0255494
105782,Education,0.0145188
105782,Multi-agent system,0.124299
105782,Agent-based model,0.0858769
113954,Acetone,0.00873207
113954,Gas chromatography,0.0283417
113954,Gas chromatography–mass spectrometry,0.022091
121849,Phytoremediation,0.088793
121849,Air pollution,0.535627
121849,Climate change denial,0.228165
121849,Water supply network,0.169232
121849,Helium,0.0245566
121849,Activated sludge,0.0508208
121849,History of chemistry,0.044288
121849,Emergency management,0.114711
121849,Biological pest control,0.0553278
121849,Industrial wastewater treatment,0.264766
121849,Sewage treatment,1.12478
121849,Brownfield land,0.0282613
121849,Louis Pasteur,0.0407973
121849,Life,0.0259955
121849,Water resources,0.516375
121849,Groundwater flow equation,0.0418381
121849,Mathematics,0.0667718
121849,Protozoa,0.050923
121849,Exponential growth,0.26211
121849,Drinking water,0.552529
121849,Management,0.437268
121849,Sewage,0.0936272
121849,Adsorption,0.136194
121849,Effects of climate change,0.146459
121849,Climate change mitigation,0.0926193
121849,Microbiology,0.382721
121849,Understanding,0.177737
121849,Wastewater,0.441406
121849,Operating system,0.0420809
121849,Organic compound,0.094962
121849,Organic chemistry,0.200972
121849,Logistic regression,0.192775
121849,Environmental issues,0.38778
121849,Water treatment,0.100166
121849,Project management,0.0921169
121849,Analytical chemistry,0.0713155
121849,Knowledge,0.378772
121849,Risk,0.0613986
121849,Photosynthesis,0.122174
121849,Pressure swing adsorption,0.0950585
121849,Pollution,0.278142
121849,Drinking water quality standards,0.12268
121849,Renewable energy,0.0625575
121849,Climate change feedback,0.0947256
121849,Groundwater,0.31924
121849,Risk management,0.247045
121849,Scientific method,0.0593209
121849,Standardization,0.227932
121849,Water quality,0.53479
121849,Water pollution,0.996206
121849,Environmental health,0.0884879
121849,United Nations Framework Convention on Climate Change,0.0417947
121849,Chemical process,0.451916
121849,Water,0.727258
121849,Yeast,0.0189182
121849,Air pollution in India,0.127911
121849,Environmental protection,0.142592
121849,Soil,0.0312499
121849,Quantitative research,0.149411
121849,Configuration management,0.136292
121849,Botany,0.0374362
121849,Bioremediation,0.332488
121849,Sludge,0.270344
121849,Scientific socialism,0.226418
121849,Groundwater pollution,0.635338
121849,Black Death,0.0268747
121849,Aquifer,0.0112877
121849,Climate variability and change,0.231412
121849,Köppen climate classification,0.0375172
121849,Extinction,0.0361826
121849,Climate change,0.888862
121849,Environmental engineering,1.66525
121849,Lists of mathematics topics,0.10127
121849,Carbon,0.11034
121849,Energy development,0.300315
121849,Secondary treatment,0.102117
121849,Biological process,0.294663
121849,Civil engineering,0.396477
121849,Sewage sludge treatment,0.0841203
121849,Chemical industry,0.136554
121849,Wastewater treatment,0.830899
121849,Climate,0.836088
121849,Process engineering,0.0459953
121849,Groundwater recharge,0.11241
121849,Chemical engineering,0.1709
121849,Fermentation,0.304912
121849,Biological engineering,0.150291
121849,Phloem,0.0193613
121849,Clean Water Act,0.0524775
121849,Environmental science,0.336376
121849,Organic farming,0.193809
121849,Democratic Republic of the Congo,0.0456923
121849,Sanitary engineering,0.0285932
121849,Epistemology,0.0211275
121849,Engineering,0.0645787
150680,Nonlinear regression,0.297865
150680,IMAGE (spacecraft),0.0638516
150680,Alkalinity,0.047255
150680,Interpolation,0.110454
150680,Free content,0.192644
150680,Variogram,0.0318586
150680,Indian Remote Sensing Programme,0.273532
150680,Metre,0.00660097
150680,Geography,0.0753665
150680,Data,0.270344
150680,Moon,0.00387466
150680,Bibliothèque nationale de France,0.0919789
150680,Environmental monitoring,0.465791
150680,Imaging,0.263797
150680,Remote sensing,0.895341
150680,Machine learning,1.00354
150680,Statistics,0.189708
150680,Musical instrument,0.121006
150680,Outline of statistics,0.233426
150680,Signal processing,0.262198
150680,Spatial analysis,0.223878
150680,Deep learning,0.650059
150680,Aerial photography,0.127825
150680,Image analysis,0.0508863
150680,Data science,0.0654109
150680,Land,0.110718
150680,Dielectric,0.0344036
150680,Data mining,0.0639585
150680,Adversarial machine learning,0.174756
150680,French Air and Space Force,0.0227967
150680,Earth observation satellite,0.0473109
150680,Kriging,0.214803
150680,Geographic coordinate system,0.0415131
150680,Linear regression,0.146039
150680,Manifold regularization,0.0253741
150680,Geomatics,0.0253729
150680,Machine,0.295048
150680,Geostatistics,0.694477
150680,Czech Republic,0.0298943
150680,Google Images,0.120894
150680,Land use,0.221085
150680,Attention (machine learning),0.433797
150680,René Guénon,0.0207338
150680,Land cover,0.168999
150680,Digital signal processing,0.163568
150680,Earth,0.308822
150680,Organisation internationale de la Francophonie,0.071567
150680,Digital image processing,0.672332
167659,Principle,0.247315
167659,Air pollution,0.520807
167659,Climate change denial,0.217412
167659,Hydrology,0.723893
167659,Base (chemistry),0.276674
167659,Inorganic chemistry,0.0239442
167659,Integrated circuit,0.0289358
167659,Radio,0.0230801
167659,Reaction rate constant,0.12419
167659,Atmospheric science,0.684955
167659,Rate equation,0.0729683
167659,Meteorology,0.132797
167659,Water cycle,0.0178847
167659,Atmosphere of Earth,0.590675
167659,Atmosphere,0.236684
167659,Momentum,0.261483
167659,Mass transfer,0.481538
167659,Earth science,0.13938
167659,Effects of climate change,0.168509
167659,Climate change mitigation,0.0905406
167659,Greenhouse gas,0.0759382
167659,Understanding,0.196708
167659,Boundary layer,0.578602
167659,Branches of physics,0.12621
167659,Conceptual model,0.0334783
167659,Reaction rate,0.167957
167659,Pollution,0.122206
167659,Observable universe,0.0609897
167659,Transport phenomena,0.0286227
167659,Snow,0.958825
167659,Angular momentum,0.0872804
167659,Spring (hydrology),0.12692
167659,United Nations Framework Convention on Climate Change,0.0417632
167659,Very Large Scale Integration,0.0728433
167659,Chemical process,0.438915
167659,Weak interaction,0.101259
167659,Air pollution in India,0.127911
167659,Magnetic field,0.0717395
167659,Emmanuel Macron,0.0469147
167659,Atmosphere of Mars,0.0711728
167659,Radiative forcing,0.0951315
167659,Cryosphere,0.327643
167659,Köppen climate classification,0.17188
167659,Climate change,1.13368
167659,Flood,0.0206542
167659,Chemistry,0.109924
167659,General Dynamics,0.088515
167659,Dew point,0.019802
167659,Oceanic climate,0.0796663
167659,Chemical industry,0.130709
167659,Catalysis,0.0537491
167659,Climate,1.08401
167659,Chemical engineering,0.0759207
167659,Atmosphere of Venus,0.178155
167659,Environmental science,0.470413
167659,Conservation law,0.11291
167659,Atmospheric chemistry,0.471021
167659,Avalanche,0.308639
167659,Engineering physics,0.131366
167659,Data modeling,0.187697
167659,Atmospheric physics,0.394251
167659,Planetary boundary layer,0.476953
167659,Earth's energy budget,0.131701
168244,Air pollution,0.255549
168244,Fluid dynamics,0.408399
168244,Differential equation,0.0618029
168244,Turbulence,0.213892
168244,Atmospheric science,0.0849066
168244,Dispersion (optics),0.253916
168244,Mechanics,0.4568
168244,Convection–diffusion equation,0.268086
168244,Maxwell's equations,0.124195
168244,Hamiltonian mechanics,0.0984801
168244,Mach number,0.0347572
168244,Atmosphere of Earth,0.0793964
168244,Mathematical model,0.199648
168244,Drag (physics),0.0499565
168244,History of fluid mechanics,0.101046
168244,Finite strain theory,0.0416407
168244,Boundary layer,0.198194
168244,Agricultural pollution,0.070444
168244,Gibbs free energy,0.0420101
168244,Knowledge,0.341722
168244,Pollution,0.603308
168244,Quantum mechanics,0.123533
168244,Fluid mechanics,1.38337
168244,Aerodynamics,0.0267183
168244,"10th edition of Systema Naturae",0.0263995
168244,Energy–momentum relation,0.0873362
168244,Computational fluid dynamics,0.0467676
168244,Water pollution,0.162174
168244,Plastic pollution,0.0894674
168244,Einstein field equations,0.320673
168244,Groundwater pollution,0.0380632
168244,Applied mechanics,0.148481
168244,Dimensionless numbers in fluid mechanics,0.06783
168244,Navier–Stokes equations,0.0993222
168244,Environmental engineering,0.0847819
168244,Engineering management,0.240615
168244,Continuum mechanics,0.0992656
168244,Environmental communication,0.200429
168244,Mixing (process engineering),0.036953
168244,Environmental chemistry,0.340982
168244,Environmental geology,0.0745652
168244,Engineering education,0.125974
168244,Epistemology,0.0882174
168244,Planetary boundary layer,0.298576
168244,Equation,0.231507
168244,Trans-cultural diffusion,0.13912
169209,Phytoremediation,0.088793
169209,Long short-term memory,0.0181238
169209,Air pollution,0.535627
169209,Constructed wetland,0.0440712
169209,Climate change denial,0.228165
169209,Soil mechanics,0.162194
169209,Fischer–Tropsch process,0.103931
169209,Helium,0.0245566
169209,Differential equation,0.114686
169209,Land degradation,0.113818
169209,Emergency management,0.114711
169209,Nonlinear system,0.215859
169209,Integrated assessment modelling,0.0874217
169209,Industrial wastewater treatment,0.198957
169209,Sewage treatment,0.159997
169209,Ion exchange,0.324817
169209,Ecological engineering,0.525817
169209,Jean-Paul Sartre,0.0249376
169209,Heat equation,0.0574799
169209,Radiosonde,0.0346111
169209,Brownfield land,0.0282613
169209,Chemical transport model,0.132174
169209,Luminiferous aether,0.0731128
169209,Water resources,0.516375
169209,Groundwater flow equation,0.0418381
169209,Exponential growth,0.26211
169209,School for Advanced Studies in the Social Sciences,0.0220641
169209,Drinking water,0.0845353
169209,Management,0.437268
169209,Effects of climate change,0.146459
169209,Climate change mitigation,0.0926193
169209,Understanding,0.177737
169209,Operating system,0.0420809
169209,Logistic regression,0.192775
169209,Environmental issues,0.38778
169209,Phase (matter),0.0546492
169209,Water treatment,0.100166
169209,Project management,0.0921169
169209,Knowledge,0.378772
169209,Soil physics,0.330253
169209,Risk,0.0613986
169209,PH,0.00557124
169209,Pollution,0.295571
169209,Drinking water quality standards,0.26172
169209,Renewable energy,0.0625575
169209,Climate change feedback,0.0947256
169209,Groundwater,0.31924
169209,Risk management,0.247045
169209,Introduction to quantum mechanics,0.0257662
169209,Thermodynamics,0.575858
169209,Water quality,1.07964
169209,Polytetrafluoroethylene,0.0226612
169209,Water pollution,0.868299
169209,Flow battery,0.00542762
169209,Environmental health,0.0884879
169209,United Nations Framework Convention on Climate Change,0.0417947
169209,Great Oxidation Event,0.0369155
169209,Ordinary differential equation,0.25582
169209,World Intellectual Property Organization,0.0591977
169209,Water,0.174371
169209,Air pollution in India,0.127911
169209,Chemical kinetics,0.433195
169209,Environmental protection,0.142592
169209,Natural rubber,0.0424078
169209,Quantitative research,0.149411
169209,Biogeochemical cycle,0.431073
169209,Soil contamination,0.246973
169209,Europa (moon),0.128596
169209,Bioremediation,0.332488
169209,Scientific socialism,0.226418
169209,Groundwater pollution,0.635338
169209,Application software,0.166056
169209,Aquifer,0.0112877
169209,Climate variability and change,0.231412
169209,Köppen climate classification,0.0375172
169209,Extinction,0.0361826
169209,Climate change,0.877045
169209,Environmental engineering,1.76175
169209,Agricultural chemistry,0.0423497
169209,Lists of mathematics topics,0.10127
169209,Chemical equilibrium,0.143556
169209,Polymer degradation,0.0887304
169209,Energy development,0.300315
169209,Civil engineering,0.396477
169209,Chemical process modeling,0.3942
169209,Wastewater treatment,0.516234
169209,Carbonate,0.175518
169209,Chemical thermodynamics,0.437026
169209,Soil science,0.0979292
169209,Solubility,0.0572884
169209,Schrödinger equation,0.104641
169209,Climate,0.836088
169209,Scenario planning,0.069275
169209,Groundwater recharge,0.11241
169209,Chemical engineering,0.129474
169209,Biological engineering,0.223285
169209,Phloem,0.0193613
169209,Reactive oxygen species,0.0713882
169209,Environmental science,0.493525
169209,Environmental chemistry,0.440305
169209,Redox,0.345403
169209,Democratic Republic of the Congo,0.0456923
169209,Diatomaceous earth,0.0443827
169209,Laws of thermodynamics,0.127374
169209,Partition coefficient,0.026376
169209,Biogeochemistry,0.133624
169209,Body of water,0.123806
169209,Epistemology,0.0211275
169209,Engineering,0.0645787
169209,Green chemistry,0.189688
169209,Entropy,0.0331416
169977,Principle,0.228902
169977,International Union for Conservation of Nature,0.0574908
169977,Surface tension,0.0775899
169977,Fuel cell,0.0152465
169977,Staphylococcus aureus,0.0259933
169977,Zero waste,0.0272561
169977,Global warming potential,0.124047
169977,Global warming controversy,0.124511
169977,Intellectual property,0.0573878
169977,Materials recovery facility,0.0379545
169977,Waste hierarchy,0.259585
169977,Industrial wastewater treatment,0.233536
169977,Sewage treatment,0.527956
169977,Ageing,0.0139952
169977,Abiotic component,0.0824748
169977,Acetone,0.00873207
169977,Learning,0.165606
169977,Heat transfer,0.0457172
169977,Reading,0.1496
169977,Reverse osmosis,0.0303634
169977,Biomedical waste,0.057017
169977,Electronic component,0.0933669
169977,Moroccan architecture,0.0479392
169977,Stock,0.270344
169977,Mechanical engineering,0.265541
169977,Recycling bin,0.100403
169977,Mechanics,0.194998
169977,Materials science,0.19017
169977,Plastic recycling,0.201469
169977,Waste,1.12276
169977,News,0.0359003
169977,Waste management,2.36071
169977,Effects of climate change,0.0228117
169977,Thermal depolymerization,0.133898
169977,Low-density polyethylene,0.0378596
169977,Life skills,0.11756
169977,Water purification,0.341707
169977,Municipal solid waste,1.76404
169977,Pulp (paper),0.0129026
169977,Industrial waste,0.168745
169977,Incineration,0.0191495
169977,Natural resource,0.424652
169977,Organic chemistry,0.107122
169977,Machine learning,0.357958
169977,Property,0.0916288
169977,Information system,0.186517
169977,Analytical chemistry,0.0299769
169977,Pollution,0.192493
169977,Overexploitation,0.0574642
169977,Quantum mechanics,0.0660353
169977,Textbook,0.305193
169977,Nobel Prize in Chemistry,0.0630239
169977,International student,0.0568787
169977,International System of Units,0.0304861
169977,Technology,0.133532
169977,Virtual reality,0.0227513
169977,Wood,0.00356992
169977,Plastic pollution,0.0613593
169977,Book,0.48431
169977,Engineer,0.112912
169977,Electronic waste,0.171867
169977,Basketball,0.00982461
169977,Six degrees of separation,0.235665
169977,Waste-to-energy,0.0492337
169977,Logic,0.104859
169977,Building material,0.0832263
169977,Heavy metals,0.273716
169977,Fecal sludge management,0.0472037
169977,Exploitation of natural resources,0.21569
169977,Hydro-Québec,0.0274389
169977,Mechanical biological treatment,0.45432
169977,Inductively coupled plasma mass spectrometry,0.0335367
169977,Climate change,0.17894
169977,Waste management in India,0.0985991
169977,Waste minimisation,0.110186
169977,Chemistry,0.369974
169977,Domain-specific language,0.141815
169977,Energy development,0.166413
169977,Sewage sludge treatment,0.0787146
169977,Waste treatment,0.392565
169977,Wastewater treatment,0.134603
169977,Gas chromatography,0.0283417
169977,Thermal treatment,0.470476
169977,Construction waste,0.0509116
169977,Environmental chemistry,0.0665443
169977,Material,0.375742
169977,Recycling,0.631948
169977,X-ray fluorescence,0.0745469
169977,Natural Resources Conservation Service,0.130106
169977,Principal component analysis,0.128512
169977,Global city,0.149731
169977,Quebec,0.0240421
169977,Gas chromatography–mass spectrometry,0.022091
169977,Mechanical energy,0.149051
169977,Education,0.203447
169977,Organisation internationale de la Francophonie,0.0892838
171550,Analysis,0.289781
171550,History of chemistry,0.044288
171550,Insecticide,0.0499024
171550,Louis Pasteur,0.0407973
171550,Groundwater remediation,0.0797334
171550,Urban metabolism,0.0232811
171550,Life,0.0294019
171550,Bioindicator,0.071679
171550,Mathematics,0.0667718
171550,Protozoa,0.050923
171550,Carbon dioxide removal,0.032238
171550,Chemical compound,0.103641
171550,Microbiology,0.382721
171550,Photosynthesis,0.122174
171550,Sulfur cycle,0.181468
171550,Yeast,0.0189182
171550,Soil,0.126503
171550,Environmental remediation,0.195283
171550,Bioremediation,0.639344
171550,Black Death,0.0268747
171550,Climate change,0.0118168
171550,Environmental engineering,0.0979431
171550,Carbon,0.11034
171550,Biophysics,0.033427
171550,Biological process,0.294663
171550,Chemical element,0.195946
171550,Soil science,0.433862
171550,Catholic Church,0.0102021
171550,Fermentation,0.304912
171550,Biological engineering,0.137603
171550,Chemical reaction,0.101399
171550,Environmental science,0.108172
171550,Environmental chemistry,0.464947
171550,Recycling,0.0157204
171550,Anthropogenic metabolism,0.0130968
171550,Material flow analysis,0.524077
171550,Biology,0.00286978
171550,Green chemistry,0.167506
171550,Ecosystem,0.00777924
171550,Chemical substance,0.296984
173999,Volatile organic compound,0.10525
173999,Stockholm Convention on Persistent Organic Pollutants,0.0550122
173999,Air pollution,0.0487078
173999,Carbon dioxide in Earth's atmosphere,0.0380376
173999,Persistent organic pollutant,0.552709
173999,Inorganic chemistry,0.0837553
173999,Aquatic plant,0.15998
173999,National Ambient Air Quality Standards,0.0494547
173999,Anthropogenic hazard,0.190338
173999,Human impact on the environment,0.0444032
173999,Heat transfer,0.107604
173999,General chemistry,1.03631
173999,Aquatic ecosystem,0.377074
173999,Mass transfer,0.293865
173999,Organic chemistry,0.316064
173999,Marine chemistry,0.0815001
173999,Analytical chemistry,0.163881
173999,Photosynthesis,0.244147
173999,Pollutant,0.225506
173999,Quantum chemistry,0.165993
173999,Mass spectrometry,0.0204565
173999,Water pollution,0.0620331
173999,Aquatic animal,0.111316
173999,Chemical process,0.451916
173999,Water,0.0399731
173999,Quantitative research,0.168296
173999,Stochastic process,0.117393
173999,Environmental engineering,0.208147
173999,Chemistry,0.413989
173999,Natural environment,0.420899
173999,Chemical element,0.25676
173999,Chemical industry,0.253822
173999,Nitrogen cycle,0.135443
173999,Gas chromatography,0.0899267
173999,Process engineering,0.0460367
173999,Chemical engineering,0.16095
173999,Environmental chemistry,1.69545
173999,Organic farming,0.10838
173999,System,0.16722
173999,Green chemistry,0.395643
173999,Chemical substance,0.422098
176402,Nonlinear regression,0.297865
176402,Propaganda techniques,0.143578
176402,IMAGE (spacecraft),0.0638516
176402,Environmental studies,0.119661
176402,Alkalinity,0.047255
176402,Interpolation,0.110454
176402,Numerical weather prediction,0.063696
176402,General circulation model,0.313845
176402,Jet stream,0.406055
176402,Variogram,0.0318586
176402,Geography,0.0753665
176402,Data,0.270344
176402,Moon,0.00387466
176402,Cloud computing,0.134373
176402,Meteorology,0.366669
176402,Mainframe computer,0.0417843
176402,Atmosphere of Earth,0.092832
176402,Earth science,0.155189
176402,Global catastrophic risk,0.148133
176402,Environmental monitoring,0.465791
176402,Boundary layer,0.278162
176402,Lapse rate,0.0147734
176402,Imaging,0.263797
176402,Remote sensing,0.323902
176402,Business process management,0.0622889
176402,Machine learning,0.368642
176402,Probability distribution,0.0503089
176402,Environmental social science,0.161751
176402,Radar,0.485346
176402,Statistics,0.189708
176402,Musical instrument,0.121006
176402,Atmospheric escape,0.0633438
176402,Precipitation,0.0213878
176402,Outline of statistics,0.233426
176402,Atmospheric temperature,0.106381
176402,Spatial analysis,0.686847
176402,Weather,0.491659
176402,Data science,0.0654109
176402,Computer simulation,0.142351
176402,National Oceanic and Atmospheric Administration,0.0446727
176402,Thermohaline circulation,0.180371
176402,Objective-C,0.130245
176402,Dielectric,0.0344036
176402,Polarization (physics),0.121378
176402,Lidar,0.481367
176402,Data mining,0.0639585
176402,Cyclone,0.103454
176402,Atmospheric circulation,0.0809209
176402,Emmanuel Macron,0.0469147
176402,Cloud seeding,0.0808156
176402,Adversarial machine learning,0.0873778
176402,Spatial database,0.0977586
176402,Application software,0.363307
176402,Globalization,0.0908511
176402,Earth observation satellite,0.0473109
176402,Atmospheric pressure,0.109069
176402,Cloud,0.372101
176402,Cumulus cloud,0.312335
176402,Kriging,0.214803
176402,Linear regression,0.146039
176402,Geographic data and information,0.0805069
176402,Atmospheric sounding,0.155594
176402,Geostatistics,0.694477
176402,Synoptic scale meteorology,0.446009
176402,Czech Republic,0.0298943
176402,Atmospheric thermodynamics,0.338741
176402,Nitrogen cycle,0.0261528
176402,Environmental science,0.5679
176402,Mini,0.086047
176402,Attention (machine learning),0.177121
176402,Weather radar,0.573855
176402,René Guénon,0.0207338
176402,Weathering,0.160417
176402,Cloud physics,0.138856
176402,Extratropical cyclone,0.738012
176402,Tropical cyclone,0.474274
176402,Spatial planning,0.17909
176402,Earth,0.308822
176402,Organisation internationale de la Francophonie,0.071567
182281,Reclaimed water,0.0222511
182281,Fluid dynamics,0.454217
182281,Genetics,0.0214015
182281,Geotechnical engineering,0.22452
182281,Climate change denial,0.234367
182281,Hydrology,1.84439
182281,Numerical methods for partial differential equations,0.106546
182281,Hydrological model,0.384094
182281,Water resources,0.274978
182281,Ecohydrology,0.0182748
182281,Bachelor's degree,0.0798493
182281,Doctorate,0.141675
182281,Birth control,0.206243
182281,Rain,0.126147
182281,Human trafficking,0.0399162
182281,Porosity,0.0529013
182281,Mechanical engineering,0.126799
182281,Water cycle,0.416829
182281,Wind turbine,0.0649273
182281,Flood control,0.405226
182281,Bachelor of Science,0.114007
182281,Hypothesis,0.0498714
182281,Effects of climate change,0.148462
182281,Climate change mitigation,0.121403
182281,Drag (physics),0.0354858
182281,Normal distribution,0.177382
182281,Artificial neural network,0.0387208
182281,Aerospace engineering,0.0939502
182281,Open-channel flow,0.251155
182281,Agricultural engineering,0.0479958
182281,Stochastic calculus,0.063537
182281,Probability,0.0890952
182281,Probability theory,0.0842256
182281,Plate tectonics,0.00716485
182281,Divergent boundary,0.144778
182281,Convergent boundary,0.0699999
182281,Renewable energy,0.0846646
182281,Groundwater,0.0412558
182281,Science,0.511727
182281,Science fiction,0.0805189
182281,Scientific method,0.126156
182281,Fluid mechanics,0.337669
182281,Systems engineering,0.162315
182281,Water pollution,0.282883
182281,Spring (hydrology),0.148542
182281,Reservoir,0.134713
182281,Water,1.12636
182281,Wood,0.0103246
182281,Time series,0.131422
182281,Irrigation,0.889114
182281,Eddy (fluid dynamics),0.22394
182281,Application software,0.166056
182281,Water conservation,0.0448236
182281,Streamflow,0.200437
182281,Baseflow,0.112506
182281,Navier–Stokes equations,0.0173648
182281,Fuzzy logic,0.0577024
182281,Residence time,0.0672341
182281,Climate change,0.543063
182281,Flood,0.132073
182281,Mathematical optimization,0.0200266
182281,Hydraulic engineering,0.186385
182281,Fourier transform,0.329625
182281,Partial differential equation,0.350553
182281,Energy development,0.275738
182281,Siltation,0.0470286
182281,Hydrological transport model,0.187075
182281,Civil engineering,0.606614
182281,Gas turbine,0.037231
182281,Fourier series,0.29782
182281,Groundwater recharge,0.0291844
182281,Agriculture,0.0261147
182281,Hydraulics,0.34366
182281,Household,0.0470399
182281,Drip irrigation,0.182835
182281,System,0.0277814
182281,Run-of-the-river hydroelectricity,0.026504
182281,Discharge (hydrology),0.149852
182281,Engineering,1.06634
182281,Electrical engineering,0.0659979
205918,Air pollution,0.0863855
205918,Modelling biological systems,0.101878
205918,Persistent organic pollutant,0.413306
205918,Stress (biology),0.083077
205918,Environmental toxicology,0.507758
205918,Bismuth,0.00449083
205918,Aquatic ecosystem,0.060206
205918,Water cycle,0.0190122
205918,Risk assessment,0.418052
205918,Environment (systems),0.112537
205918,Knowledge,0.401385
205918,Pollutant,0.191595
205918,Pollution,0.0231204
205918,Risk management,0.162559
205918,Effects of climate change on ecosystems,0.158675
205918,Ecotoxicology,0.419126
205918,Open-source software,0.0546886
205918,Introduction to quantum mechanics,0.0257662
205918,Mixture,0.255554
205918,Toxicology,0.114174
205918,Water pollution,0.0833601
205918,Environmental health,0.0955485
205918,Leading,0.298519
205918,Visual effects,0.195535
205918,Separation process,0.0327397
205918,Mechanism (philosophy),0.113708
205918,Soil contamination,0.0180023
205918,Environmental engineering,0.0965035
205918,Natural environment,0.15364
205918,Environmental science,0.157148
205918,Environmental chemistry,0.440305
205918,Epistemology,0.0266005
205918,Green chemistry,0.189688
205918,Ecosystem,0.215683
205918,LinkedIn,0.0935106
205918,Chemical substance,0.141526
210253,Stockholm Convention on Persistent Organic Pollutants,0.0550122
210253,Air pollution,0.0487078
210253,Carbon dioxide in Earth's atmosphere,0.0380376
210253,Water supply network,0.169232
210253,Persistent organic pollutant,0.552709
210253,Activated sludge,0.0508208
210253,Inorganic chemistry,0.0837553
210253,Biological pest control,0.0553278
210253,Industrial wastewater treatment,0.0658093
210253,Sewage treatment,0.964788
210253,National Ambient Air Quality Standards,0.0494547
210253,Anthropogenic hazard,0.190338
210253,Human impact on the environment,0.0444032
210253,Life,0.0259955
210253,General chemistry,0.57951
210253,Drinking water,0.510261
210253,Sewage,0.0936272
210253,Adsorption,0.136194
210253,Wastewater,0.441406
210253,Organic compound,0.094962
210253,Organic chemistry,0.386319
210253,Marine chemistry,0.0815001
210253,Analytical chemistry,0.0713155
210253,Pollutant,0.225506
210253,Pressure swing adsorption,0.0950585
210253,Quantum chemistry,0.0829964
210253,Scientific method,0.0593209
210253,Standardization,0.227932
210253,Water pollution,0.277557
210253,Chemical process,0.451916
210253,Water,0.68023
210253,Soil,0.0312499
210253,Configuration management,0.136292
210253,Botany,0.0374362
210253,Sludge,0.270344
210253,Environmental engineering,0.104073
210253,Chemistry,0.319595
210253,Secondary treatment,0.102117
210253,Natural environment,0.294086
210253,Biological process,0.294663
210253,Chemical element,0.25676
210253,Sewage sludge treatment,0.0841203
210253,Chemical industry,0.136554
210253,Wastewater treatment,0.314665
210253,Process engineering,0.0459953
210253,Chemical engineering,0.230336
210253,Biological engineering,0.150291
210253,Clean Water Act,0.0524775
210253,Environmental chemistry,0.832116
210253,Organic farming,0.302189
210253,System,0.16722
210253,Sanitary engineering,0.0285932
210253,Green chemistry,0.165842
210253,Chemical substance,0.118008
220185,Advanced Composition Explorer,0.187198
220185,Student's t-distribution,0.0336377
220185,Feedback,0.295822
220185,Fermi paradox,0.0181484
220185,Silicate mineral,0.0459471
220185,Geology,0.142242
220185,Climate change denial,0.0759988
220185,Soil fertility,0.185892
220185,Population density,0.0826866
220185,Global warming potential,0.134528
220185,Geologic time scale,0.54141
220185,Global warming controversy,0.121674
220185,Failure rate,0.124804
220185,Holocene extinction,0.182983
220185,Land degradation,0.263189
220185,Iron ore,0.0576247
220185,International Organization for Standardization,0.0572352
220185,Intergovernmental Panel on Climate Change,0.0148687
220185,Interdisciplinarity,0.686116
220185,System dynamics,0.0417009
220185,Water scarcity,0.412218
220185,Student,0.166884
220185,Biological pest control,0.282684
220185,Project,0.275283
220185,Future,0.246094
220185,Seed dispersal,0.0279584
220185,Paper,0.438487
220185,Human impact on the environment,0.0577196
220185,Growth hormone,0.0890159
220185,Multi-exposure HDR capture,0.0223206
220185,Population dynamics of fisheries,0.596796
220185,Biophysical environment,0.501714
220185,Geologic record,0.40217
220185,Stratigraphy,0.00595847
220185,Environmentalism,0.471839
220185,Ocean,0.081209
220185,Electronic Frontier Foundation,0.14666
220185,Birth control,0.486848
220185,World population,1.83955
220185,Mineral,1.04312
220185,Aid,0.139067
220185,Special Report on Emissions Scenarios,0.129114
220185,IPCC Fifth Assessment Report,0.0839952
220185,Exponential growth,0.2252
220185,Moon,0.00252805
220185,Mental disorder,0.10446
220185,East Asia,0.29902
220185,Materials science,0.840111
220185,Organism,0.335708
220185,Arthropod,0.0229
220185,Biomineralization,0.950552
220185,Water cycle,0.206863
220185,Mohs scale,0.0250448
220185,Primary production,0.314671
220185,Effects of climate change,0.117766
220185,Negative feedback,0.147383
220185,Positive feedback,0.141954
220185,Chemical compound,0.0891304
220185,Sustainable agriculture,0.041482
220185,Understanding,0.37999
220185,Organic compound,0.123629
220185,Ore,0.0461028
220185,Population,0.814181
220185,Environmental issues,1.12653
220185,Family planning,0.09546
220185,Mineral (nutrient),0.108482
220185,Environmental impact of agriculture,0.0899762
220185,Environmental impact assessment,0.151882
220185,Calcification,0.0856051
220185,Project management,0.20038
220185,Future of Earth,0.156901
220185,Planetary boundaries,0.54166
220185,Heliocentrism,0.0524364
220185,Permian–Triassic extinction event,0.0877489
220185,Mineralized tissues,0.184348
220185,American frontier,0.0688238
220185,Fertility,0.473462
220185,Plant litter,0.0339348
220185,Climate change feedback,0.136523
220185,Science,0.0304222
220185,Systems engineering,0.0274338
220185,Crop yield,0.202513
220185,Ocean acidification,0.572447
220185,Southeast Asia,0.0966546
220185,Internship,0.0628763
220185,Taxonomy (biology),0.0131442
220185,Energy flow (ecology),0.0275699
220185,Scientific consensus on climate change,0.0371841
220185,Projections of population growth,0.502103
220185,Environmental protection,0.142592
220185,Planning,0.184314
220185,Paleocene–Eocene Thermal Maximum,0.0426743
220185,Biogeochemical cycle,0.529658
220185,Brainstorming,0.589845
220185,Human biology,0.40187
220185,Oceanography,0.0720799
220185,World Heritage Site,0.0216498
220185,Design thinking,0.368123
220185,Urban planning,0.173354
220185,Educational assessment,0.0399231
220185,Carbon cycle,0.0603493
220185,Coral,0.498292
220185,Stochastic process,0.0435822
220185,Population dynamics,0.144937
220185,Climate change,0.434793
220185,Environmental sociology,0.0877316
220185,Environmental globalization,0.301343
220185,Domain-specific language,0.151841
220185,Phase transition,0.0425799
220185,Chemical element,0.183297
220185,United States Census Bureau,0.226783
220185,Agricultural science,0.0284245
220185,Instruction cycle,0.0431125
220185,Soil retrogression and degradation,0.339554
220185,Nitrogen cycle,0.193317
220185,Soil erosion,0.13236
220185,Civilization,0.112996
220185,Agriculture,0.761921
220185,Chemical reaction,0.0782118
220185,Total fertility rate,0.220847
220185,Impact event,0.0835756
220185,Agile software development,0.0768645
220185,Impact crater,0.0862047
220185,Environmental science,0.688176
220185,Human,0.274422
220185,Economic growth,0.21026
220185,Great Barrier Reef,0.0185335
220185,Sub-replacement fertility,0.712501
220185,Population decline,0.250807
220185,Human population planning,0.0935746
220185,Green Revolution,0.0215457
220185,Organic farming,0.408469
220185,Copernican principle,0.168999
220185,Past,0.234009
220185,Harvest,0.106942
220185,Diatomaceous earth,0.0336927
220185,System,0.0114715
220185,Dinosaur,0.0198362
220185,Design,0.139912
220185,Coral reef,0.326812
220185,Bacteria,0.197058
220185,Phosphorus cycle,0.0474565
220185,Biology,0.0497938
220185,Communism,0.00458766
220185,Earth,0.526568
220185,Planetary boundary layer,0.139779
220185,Population growth,1.74554
220185,Chemical substance,0.283112
220185,Extinction event,0.291102
253102,Cellular respiration,0.0588371
253102,Human evolution,0.010164
253102,Microbial ecology,0.50848
253102,Community (ecology),0.561575
253102,Fundamental interaction,0.305805
253102,Nature reserve,0.081122
253102,Social ecological model,0.0935106
253102,Climate change denial,0.434824
253102,Science communication,0.128289
253102,Hydrology,0.508505
253102,Extracellular polymeric substance,0.0232451
253102,Limnology,0.0887858
253102,Mars,0.00955923
253102,Stream restoration,0.045494
253102,Nature Geoscience,0.314261
253102,Permafrost,0.0285985
253102,Ecological design,0.0998462
253102,Ecological engineering,0.116238
253102,Atmospheric science,0.229594
253102,Hannes Alfvén,0.127717
253102,Abiotic component,0.0873697
253102,Ecosystem ecology,1.65488
253102,Global change,0.44853
253102,Restoration ecology,0.424274
253102,Life,0.0339547
253102,Ecosystem service,0.489054
253102,Water resources,0.474989
253102,Ecohydrology,0.0428431
253102,Lamarckism,0.0339844
253102,Stream,0.50411
253102,River,0.867177
253102,Lake,0.0546001
253102,Mediterranean Sea,0.0366938
253102,Continent,0.0658102
253102,Aquatic ecosystem,0.949789
253102,Plant,0.0139472
253102,Water cycle,0.0233304
253102,Effects of climate change,0.461255
253102,Climate change mitigation,0.333584
253102,Chemical compound,0.104824
253102,Traditional ecological knowledge,0.0396538
253102,Deep ecology,0.27505
253102,Whole genome sequencing,0.0156531
253102,Nature,0.380608
253102,Relative species abundance,0.0730433
253102,Periodic table,0.074015
253102,Environmental issues,0.0980496
253102,Physical geography,0.0661895
253102,Biological pump,0.0551079
253102,Project management,0.0627007
253102,Knowledge,0.528918
253102,Plate tectonics,0.0296878
253102,Productivity (ecology),0.131548
253102,Research,0.463675
253102,Science,1.37577
253102,International System of Units,0.0752429
253102,Social science,0.106249
253102,Science fiction,0.0974518
253102,Genetic linkage,0.144563
253102,Atmospheric escape,0.205481
253102,Introduction to quantum mechanics,0.0244357
253102,Fluvial processes,0.250831
253102,Hyporheic zone,0.0421184
253102,Marine habitats,0.0876453
253102,Systems theory,0.0223154
253102,Environmental change,0.300611
253102,Basic research,0.0135574
253102,The Feynman Lectures on Physics,0.104151
253102,United Nations Framework Convention on Climate Change,0.0745253
253102,Nutrient cycle,1.07637
253102,Energy flow (ecology),0.0713203
253102,Scientific consensus on climate change,0.108446
253102,West Virginia,0.109666
253102,Water,0.279477
253102,Meander,0.0116228
253102,Black Sea,0.0608448
253102,Montane ecosystems,0.159758
253102,Ecological pyramid,0.0923172
253102,Qualitative research,0.101055
253102,Sustainable Development Goals,0.1035
253102,Biogeochemical cycle,1.35016
253102,Ecosystem health,0.418052
253102,River ecosystem,2.55305
253102,Biofilm,0.305528
253102,Cretaceous–Paleogene extinction event,0.0134281
253102,Lake ecosystem,0.0932605
253102,Microbiome,0.172618
253102,Climate variability and change,0.155546
253102,Canada,0.00910755
253102,Climate change,2.76633
253102,Environmental engineering,0.206403
253102,Literary criticism,0.0297983
253102,Pelagic zone,0.0339809
253102,Ecosystem diversity,0.126607
253102,Microbial metabolism,0.0446352
253102,Marine biogeochemical cycles,0.365898
253102,Marine ecosystem,0.706301
253102,Biological process,0.294663
253102,Chemical element,0.342005
253102,Field research,0.0334784
253102,Community,0.0986382
253102,Civil engineering,0.0979094
253102,Chemical industry,0.0926352
253102,Natural disaster,0.0900865
253102,Climate,0.291353
253102,Benthos,0.408935
253102,Chemical engineering,0.0708925
253102,Time perception,0.0482907
253102,Biological engineering,0.111887
253102,Fresh water,0.456747
253102,Archean,0.0513533
253102,Chemical reaction,0.0772741
253102,Impact event,0.103146
253102,Environmental science,0.507786
253102,Marine coastal ecosystem,0.25515
253102,Ecological niche,0.126439
253102,Linkage disequilibrium,0.0765399
253102,Concept,0.25839
253102,Concept map,0.123355
253102,Freshwater ecosystem,0.71443
253102,Geomorphology,0.0943345
253102,Biogeochemistry,0.773875
253102,Environmental degradation,0.0868998
253102,Group (periodic table),0.02281
253102,DARPA,0.0168261
253102,Arsenic,0.0193808
253102,Phosphorus cycle,0.0742786
253102,Benthic zone,1.00108
253102,Epistemology,0.0253496
253102,Ecology,1.69647
253102,Ecosystem,3.21682
253102,Chemical substance,0.326898
253102,Environmental racism,0.110215
265222,Protected area,0.0411872
265222,Human resource management,0.662302
265222,Educational psychology,0.0872367
265222,Resource,1.9824
265222,Emotion,0.0607425
265222,Natural resource management,0.247345
265222,Resource management,0.400335
265222,El Niño,0.0169888
265222,Sustainable energy,0.302142
265222,Aqueous solution,0.0773864
265222,Food,0.165549
265222,Long short-term memory,0.0686193
265222,History,0.986213
265222,Fashion design,0.193679
265222,Member state of the European Union,0.124022
265222,Fossil,0.426612
265222,Urban density,0.297132
265222,Fire,0.0937757
265222,Diffusion of innovations,0.100112
265222,Carbon dioxide in Earth's atmosphere,0.0138287
265222,The Big Bang Theory,0.0529013
265222,Nature reserve,0.098738
265222,Analysis,0.623612
265222,Geothermal energy,0.106769
265222,Material flow accounting,0.132241
265222,Feedback,0.891964
265222,Heat pump and refrigeration cycle,0.0361255
265222,Fermi paradox,0.00817582
265222,Architect,0.0277427
265222,Innovation,0.78517
265222,Game theory,0.115641
265222,Wicked problem,0.388893
265222,Efficient energy use,0.107028
265222,Environmental studies,0.12799
265222,Branches of science,0.0458771
265222,Local extinction,0.102744
265222,Newton's method in optimization,0.0216672
265222,Climate change denial,0.820583
265222,Geneva,3.96133
265222,Gross domestic product,0.01686
265222,Graphic design,2.11826
265222,Sustainable food system,0.361028
265222,Child,0.00841284
265222,Global warming potential,0.388535
265222,Leadership,0.151649
265222,Global warming controversy,0.249981
265222,Smart grid,0.367684
265222,Ecological resilience,0.487512
265222,Human geography,0.0641113
265222,Green building,0.939637
265222,Holocene,0.216256
265222,Landscape painting,0.569874
265222,Primary energy,0.0613846
265222,Algae fuel,0.0481417
265222,Creativity,0.0742748
265222,Polar vortex,0.0144431
265222,Internet,0.088062
265222,Rare-earth element,0.062226
265222,Change management,0.29902
265222,Social work,0.246468
265222,Problem solving,0.657731
265222,IP address,0.256052
265222,Academic discipline,0.494694
265222,Regenerative design,0.52731
265222,Spontaneous generation,0.207447
265222,International Space Station,0.0615853
265222,Interdisciplinarity,2.3881
265222,Human extinction,0.0541127
265222,Intelligent design,0.492761
265222,Public policy,0.274413
265222,Housing,0.0328041
265222,Postgraduate education,0.0662475
265222,Fossil fuel power station,0.0766146
265222,Composite material,0.0885591
265222,World-systems theory,0.100226
265222,Circular flow of income,0.219578
265222,Ecological design,0.454506
265222,Philosophy of social science,0.107165
265222,Project,1.40789
265222,Mass communication,0.128645
265222,Technological change,0.44413
265222,Gender identity,0.125925
265222,Future,0.448165
265222,Ecological engineering,0.443381
265222,Jet stream,0.0220828
265222,Industrial design,0.0700603
265222,Agenda 21,0.257078
265222,Paper,0.722045
265222,Master's degree,0.0925665
265222,Sustainable urban infrastructure,0.17751
265222,World Economic Forum,0.0155925
265222,Human impact on the environment,0.0261134
265222,Spatial organization,0.9136
265222,Keynesian economics,0.377025
265222,Ecological economics,1.43182
265222,Stakeholder theory,0.0866397
265222,Sustainability science,0.0939414
265222,Sustainability accounting,0.0983791
265222,Climate crisis,0.152881
265222,Astrological aspect,0.122978
265222,Leonardo da Vinci,0.0760954
265222,SMALL,0.270344
265222,"100% renewable energy",0.39139
265222,Labour economics,0.213883
265222,Site-specific art,0.0508832
265222,Environmental history,0.653478
265222,Learning,0.120264
265222,Urban metabolism,1.00711
265222,Life,0.00904212
265222,Sustainability,3.68955
265222,NASA,0.120164
265222,Sanitation,0.201063
265222,Water resources,1.63168
265222,Conspicuous consumption,0.22542
265222,Environmentalism,0.494964
265222,Stream,0.0162223
265222,Biodiesel,0.967214
265222,Active site,0.0398171
265222,Scarcity,0.0396065
265222,Public domain,0.204126
265222,"21st century",0.516864
265222,Meat,0.0123873
265222,Desert,0.0579476
265222,Medicine,0.116042
265222,Literature,0.0474588
265222,Geography,0.00569149
265222,Data,1.87307
265222,World population,0.0284938
265222,Martinique,0.0133892
265222,Architectural engineering,0.0704761
265222,Dye-sensitized solar cell,0.0871112
265222,Nuclear fuel cycle,0.0966389
265222,Collective action,0.61999
265222,Global governance,0.101929
265222,Educational technology,0.648529
265222,Planned community,0.139773
265222,Mechanical engineering,0.174008
265222,Microscope,0.0154752
265222,Theoretical physics,0.361086
265222,Manhattan Project,0.382916
265222,Materials science,0.268943
265222,General practitioner,0.17498
265222,Management,0.43176
265222,Meteorology,0.00787928
265222,Critical race theory,0.288732
265222,Meditation,0.0425831
265222,Infinity,0.0221192
265222,Cliodynamics,0.0233381
265222,Electrical grid,0.0800716
265222,Metabolism,0.629107
265222,Social networking service,0.0940995
265222,Nuclear fuel,0.409575
265222,Landscape,1.49708
265222,Food system,0.878867
265222,Sustainability measurement,0.898328
265222,Real number,0.0824281
265222,Earth science,0.183822
265222,Cybernetics,0.111808
265222,Outdoor recreation,0.0572185
265222,Non-renewable resource,0.160277
265222,Flood control,0.017842
265222,Doctor of Philosophy,0.0447698
265222,Renewable resource,0.455975
265222,Carbon dioxide removal,0.0567483
265222,Solidarity,0.291519
265222,Effects of climate change,0.595678
265222,Climate change mitigation,0.464548
265222,Power station,0.0328409
265222,Global catastrophic risk,0.115129
265222,Architecture,0.187464
265222,Negative feedback,0.311252
265222,Positive feedback,0.515278
265222,Good governance,0.260387
265222,New Caledonia,0.0378467
265222,Traditional ecological knowledge,0.0731114
265222,Urban planner,1.18337
265222,Pulp (paper),0.560727
265222,Sustainable agriculture,0.265464
265222,Natural resource,0.650489
265222,Electronic design automation,0.116088
265222,Aerospace engineering,0.0933173
265222,Nature,0.594155
265222,Earth system science,0.168793
265222,Glass transition,0.640009
265222,Nuclear power,0.0338673
265222,Operating system,0.0841049
265222,Environment (systems),0.786368
265222,Carbon footprint,0.683967
265222,Systems thinking,0.60459
265222,Psychology,1.13076
265222,Degenerate energy levels,0.103077
265222,Population,0.217441
265222,Environmental issues,0.42956
265222,Demographic transition,0.126923
265222,Family planning,0.0857209
265222,Urban culture,0.137947
265222,Sociotechnical system,0.64913
265222,Carbon offset,0.108241
265222,Knowledge economy,0.190577
265222,Physician,0.0255216
265222,Local food,0.340863
265222,Machine learning,0.0814583
265222,Corporate governance,0.111223
265222,Construction,1.12017
265222,Strategic management,0.0899687
265222,Project management,0.474595
265222,Energy storage,0.0738263
265222,Knowledge,0.922577
265222,Public relations,0.136393
265222,Cost of electricity by source,0.28714
265222,Acceleration,0.450044
265222,Planetary boundaries,0.0241472
265222,Scientific law,0.233519
265222,Environmental social science,0.168386
265222,Titan Mare Explorer,0.057159
265222,Soldering,0.0347271
265222,Public speaking,0.0294268
265222,Quark,0.0175271
265222,Landscape ecology,0.430857
265222,Environmental governance,0.0629443
265222,Rocky Mountains,0.10002
265222,Research,0.294898
265222,Radon,0.00996841
265222,Renewable energy,0.972588
265222,Ideal (ring theory),0.34272
265222,Single point of failure,0.343806
265222,Effects of climate change on ecosystems,0.0265467
265222,Solitary confinement,0.0441433
265222,Decision-making,1.27877
265222,Space debris,0.0269379
265222,Statistics,0.128532
265222,Science,0.661365
265222,Social science,0.519803
265222,Science fiction,0.0872405
265222,Scientific method,1.68
265222,Life-cycle greenhouse gas emissions of energy sources,0.197096
265222,Austria,0.0126397
265222,Social psychology,0.165228
265222,Sustainable architecture,0.97503
265222,Data analysis,0.0387939
265222,"Environmental, social, and corporate governance",0.0604575
265222,Space,1.57589
265222,Critical thinking,0.0755718
265222,Electric vehicle,0.376022
265222,String theory,0.368249
265222,Precipitation,0.125197
265222,Solution (chemistry),0.159204
265222,Sustainable design,0.148371
265222,Spacetime,0.272311
265222,Financial crisis,0.12432
265222,Social,0.364552
265222,Capacitor types,0.151196
265222,Ion mobility spectrometry,0.136194
265222,Summer,0.456
265222,Sustainable development,5.41348
265222,Urban ecology,0.207088
265222,Supply and demand,0.0796487
265222,Monetary policy,0.0716426
265222,Experience,0.452784
265222,Tourism,0.60597
265222,Technology,0.20675
265222,Time,0.914115
265222,Ecological footprint,1.73366
265222,Collaboration,0.413583
265222,Case study,1.87442
265222,Process design,0.126331
265222,Tool,1.77221
265222,Tundra,0.0695779
265222,Theory,0.488668
265222,The Feynman Lectures on Physics,0.0410237
265222,Time zone,0.152333
265222,Fukushima nuclear disaster,0.049758
265222,Water pollution,0.135158
265222,American exceptionalism,0.440904
265222,Electricity sector in Switzerland,0.0201627
265222,Time (magazine),0.15114
265222,Circular economy,1.50599
265222,Ukraine,0.0170029
265222,United Nations,0.394996
265222,Existential crisis,0.0364789
265222,Socio-ecological system,0.319584
265222,Urban resilience,0.667814
265222,United Nations Framework Convention on Climate Change,0.203321
265222,Umberto Eco,0.0837715
265222,Nutrient cycle,0.0475281
265222,Energy flow (ecology),0.361937
265222,Uniform Resource Identifier,0.0450773
265222,United Nations Environment Programme,0.0899286
265222,Urban heat island,0.910585
265222,Landscape planning,0.143188
265222,Social network analysis,0.0289867
265222,Virtual reality,0.601296
265222,Aerial photography,0.170808
265222,Applied psychology,0.56784
265222,Scientific consensus on climate change,0.018191
265222,Urban renewal,0.363783
265222,Social change,0.0413456
265222,Water,0.918758
265222,Research design,0.452684
265222,Traditional knowledge,0.0864284
265222,Technological transitions,1.3788
265222,Social network,0.356489
265222,"20th century",0.270344
265222,Variable renewable energy,0.0216246
265222,Data and information visualization,0.0595102
265222,Healthcare industry,0.0276994
265222,Solar panel,0.108796
265222,Carbon neutrality,0.131657
265222,Data science,0.474014
265222,Bruno Latour,0.441919
265222,Blue Brain Project,0.0395993
265222,Human factors and ergonomics,0.645214
265222,Taxonomy,0.00402345
265222,Carbon capture and storage,0.0507151
265222,Carbon-neutral fuel,0.20349
265222,Effects of climate change on human health,0.133014
265222,Brussels,0.0162728
265222,Qualitative research,0.478256
265222,Isotope separation,0.0246099
265222,Social research,0.101603
265222,Landscaping,0.426256
265222,Complex system,0.0473731
265222,Policy,0.736371
265222,Environmental protection,0.502924
265222,Seed,0.546293
265222,Mountain,1.13319
265222,Gender,0.059019
265222,Hydroelectricity,0.167952
265222,Activation energy,0.0329066
265222,Sustainable Development Goals,1.97511
265222,World,0.36741
265222,Natural science,0.0406278
265222,Emerging technologies,0.656665
265222,Quantitative research,0.300827
265222,Power-to-gas,0.168999
265222,Energy transition,0.257771
265222,Abundance of the chemical elements,0.124264
265222,Engagement,0.540688
265222,Central limit theorem,0.0521513
265222,Ecological crisis,0.500012
265222,Hubble Space Telescope,0.150747
265222,Sustainable tourism,0.109439
265222,Anti-globalization movement,0.172176
265222,Scientific literature,0.708395
265222,Spent nuclear fuel,0.202531
265222,Reflectance,0.248379
265222,Scenic design,0.158297
265222,Design tool,0.360662
265222,Applied science,0.040816
265222,Pedagogy,0.118559
265222,Shortest path problem,0.0737722
265222,Social mobility,0.276117
265222,Zero-energy building,0.0764097
265222,Apache Spark,0.0401227
265222,Mount Everest,0.237781
265222,Data mining,0.207923
265222,Game design,0.183147
265222,Social cost,0.301194
265222,Climate resilience,0.494242
265222,Critical theory,0.0884139
265222,Financial services,0.119494
265222,Systemic therapy (psychotherapy),0.276545
265222,Action film,0.316161
265222,Regenerative agriculture,0.431384
265222,Public–private partnership,0.484155
265222,Perovskite solar cell,0.0429577
265222,"Reading, Berkshire",0.0352934
265222,Decision theory,0.321805
265222,Jury,0.176656
265222,World Heritage Site,0.0295085
265222,Urban agriculture,0.622255
265222,Design thinking,0.148612
265222,Biodiversity,3.14799
265222,French Air and Space Force,0.0537858
265222,Theories of urban planning,0.328184
265222,Smart growth,0.0205067
265222,Political ecology,0.0743314
265222,Top-down and bottom-up design,0.0369388
265222,Demography,0.249818
265222,Flower,0.0784736
265222,Human overpopulation,0.0167463
265222,Building,1.38898
265222,Human resources,0.28002
265222,Climate change adaptation,0.0523999
265222,History of urban planning,0.187271
265222,Urban planning,3.20422
265222,Globalization,0.526358
265222,Building material,0.156384
265222,Decision support system,0.171615
265222,Package manager,0.060441
265222,Real estate,0.0709221
265222,Direct current,0.0705206
265222,Environmental economics,0.391978
265222,Disruptive innovation,0.735955
265222,Exploitation of natural resources,0.234319
265222,Fossil fuel,0.62961
265222,Systemic design,0.643552
265222,Social justice,0.0627564
265222,Clinical psychology,0.219048
265222,Short film,0.211616
265222,Climate change,4.14029
265222,Environmental globalization,0.227538
265222,Central Intelligence Agency,0.0230025
265222,Christianity,0.0170339
265222,Public participation,0.209085
265222,Local government,0.121029
265222,Sustainable city,0.0486184
265222,Sustainable landscape architecture,0.750276
265222,Biodiversity loss,1.86518
265222,Computer data storage,0.142248
265222,Creationism,0.156141
265222,Energy development,0.600998
265222,Real estate investing,0.106166
265222,Environmental footprint of electric cars,0.296773
265222,Concrete,0.519558
265222,City,1.51995
265222,Technological singularity,0.19104
265222,Biogas,0.0402541
265222,Conceptual framework,0.192641
265222,Region,0.168999
265222,Natural environment,0.774928
265222,Social environment,0.0991859
265222,Urbanization,0.0945407
265222,Biodiversity hotspot,0.63941
265222,Plant propagation,0.214912
265222,Community,0.38326
265222,Interior design,0.281645
265222,Circulatory system,0.0474521
265222,Civil engineering,0.209768
265222,Stakeholder analysis,0.436467
265222,France,0.00752202
265222,Gas turbine,0.0221867
265222,Public administration,0.405704
265222,Landscape design,0.786694
265222,Unmanned aerial vehicle,0.0843315
265222,Natural disaster,0.0256882
265222,Social media,0.105651
265222,Paris Commune,0.0898143
265222,Applied economics,0.247952
265222,Cognitive psychology,0.0954624
265222,Computational materials science,0.0811091
265222,Lipid metabolism,0.201124
265222,Life-cycle assessment,1.69698
265222,Climate emergency declaration,2.45699
265222,Externality,0.0259287
265222,Max Planck Society,0.0850423
265222,Convention on Biological Diversity,0.0568531
265222,List of construction methods,0.484759
265222,Agriculture,0.353275
265222,Asparagine,0.0626319
265222,Sustainable Development Goal 11,0.615551
265222,Air source heat pump,0.0936177
265222,Environmental science,0.511629
265222,Photovoltaics,0.0318226
265222,Governance,1.12898
265222,Computer vision,0.0851001
265222,Systems science,0.518618
265222,PID controller,0.0268379
265222,Reinforcement learning,0.0784124
265222,Economy,0.161369
265222,Regional planning,1.11075
265222,Power-flow study,0.0938907
265222,Material,0.193068
265222,Space tourism,0.201575
265222,Heat pump,0.415386
265222,European integration,0.0989105
265222,Attention,0.0826161
265222,Economic growth,0.406858
265222,Ground source heat pump,0.12838
265222,Chemotherapy,0.0327539
265222,Studio,0.102035
265222,Zero-emissions vehicle,0.232827
265222,Thermal comfort,0.156431
265222,Art,0.00230372
265222,Landscape architecture,0.405154
265222,Transportation planning,0.270873
265222,Processor design,0.165099
265222,Urban area,2.81477
265222,Collective,0.154201
265222,World map,0.0115638
265222,Developed country,0.318229
265222,Developing country,0.133205
265222,Global city,0.17633
265222,Material flow analysis,1.41973
265222,Case–control study,0.39066
265222,Deforestation,0.062283
265222,Rational planning model,0.0486248
265222,System,0.734917
265222,Major depressive disorder,0.204292
265222,Dimension,0.615289
265222,System of systems,0.111623
265222,Environmental degradation,0.0665186
265222,Appalachian Mountains,0.0750014
265222,Design,3.58911
265222,Spatial planning,0.348179
265222,Dark matter,0.0697668
265222,Cooperative,0.12681
265222,Life-support system,0.19063
265222,Developmental psychology,0.167175
265222,Design research,0.102271
265222,Economics,1.16521
265222,Earth,0.0876169
265222,Epistemology,0.117191
265222,Engineering,0.948005
265222,Education,0.446551
265222,Enterprise resource planning,0.0872411
265222,European Union,0.333655
265222,Greenhouse gas emissions,0.413761
265222,Electrical engineering,0.0503904
265222,Electricity generation,0.116029
265222,Design of experiments,0.120016
265222,Electricity,0.105081
265222,Ecology,0.4058
265222,Ecosystem,0.0224912
265222,Energy,1.5419
265222,Energy audit,0.0883288
265222,Empire State Building,0.194617
265222,Alps,0.103207
265222,Stakeholder (corporate),1.12916
265222,Green economy,0.0480622
292363,Principle,0.189982
292363,Solid-state physics,0.120488
292363,Air pollution,3.25262
292363,Physical organic chemistry,0.197373
292363,Air purifier,0.0610299
292363,Greenhouse effect,0.26106
292363,System of measurement,0.125267
292363,Climate change denial,0.686147
292363,Base (chemistry),0.276674
292363,Domain-driven design,0.0609686
292363,Inorganic chemistry,0.103001
292363,Intergovernmental Panel on Climate Change,0.0518206
292363,Integrated circuit,0.0289358
292363,Reaction rate constant,0.12419
292363,National Ambient Air Quality Standards,0.0293481
292363,Atmospheric science,1.00934
292363,Rate equation,0.0729683
292363,Multi-exposure HDR capture,0.0226527
292363,Hydrogen vehicle,0.0366753
292363,Birth control,0.210435
292363,Measurement,0.4568
292363,Special Report on Emissions Scenarios,0.0836235
292363,IPCC Fifth Assessment Report,0.201873
292363,Air quality index,0.320436
292363,Theoretical physics,0.0594804
292363,Scientific theory,0.0757735
292363,Meteorology,0.148948
292363,Pressure measurement,0.170449
292363,Atmosphere of Earth,0.529233
292363,Atmosphere,0.236684
292363,Momentum,0.261483
292363,Earth science,0.249826
292363,Effects of climate change,0.874495
292363,Climate change mitigation,0.717592
292363,Nuclear physics,0.0860698
292363,Greenhouse gas,1.05872
292363,Understanding,0.196708
292363,Chemical potential,0.080751
292363,Earth system science,0.201667
292363,Animal husbandry,0.0167213
292363,Indoor air quality,0.120704
292363,Operating system,0.0515262
292363,Organic chemistry,0.214244
292363,Boundary layer,0.389296
292363,Earthing system,0.175854
292363,Physics,0.297793
292363,Physical chemistry,0.418052
292363,Nitrogen dioxide,0.0192053
292363,Reaction rate,0.386274
292363,Pollutant,0.349134
292363,Pollution,0.438117
292363,Chemical reaction engineering,0.136665
292363,Observable universe,0.0609897
292363,Marginal abatement cost,0.114671
292363,NOx,0.0119152
292363,Scientific method,0.179861
292363,Climate change scenario,0.459995
292363,Angular momentum,0.0872804
292363,Thermodynamics,0.280735
292363,Thermochemistry,0.163861
292363,Particulates,0.421532
292363,Thermometer,0.0115524
292363,United Nations Framework Convention on Climate Change,0.132762
292363,Scientific consensus on climate change,0.178398
292363,Very Large Scale Integration,0.0728433
292363,Chemical process,0.438915
292363,Climate change in Africa,0.113756
292363,York,0.284682
292363,Air pollution in India,0.621942
292363,Effects of climate change on human health,0.137318
292363,Atmospheric dispersion modeling,0.354668
292363,Soil,0.00949288
292363,Thermal physics,0.124635
292363,Atmosphere of Mars,0.104731
292363,Radiative forcing,0.0951315
292363,Climate variability and change,0.563051
292363,Köppen climate classification,0.407391
292363,Climate change,3.80421
292363,Chemistry,0.845258
292363,General Dynamics,0.088515
292363,Chemical equilibrium,0.253386
292363,Dew point,0.0386471
292363,Oceanic climate,0.160295
292363,Aerosol,0.734266
292363,Chemical industry,0.130709
292363,Catalysis,0.0537491
292363,Chemical thermodynamics,0.383787
292363,Climate,1.38488
292363,Scenario planning,0.173539
292363,Chemical engineering,0.532721
292363,New York City,0.0675671
292363,Conservation law,0.11291
292363,Atmospheric chemistry,1.40797
292363,C++,0.00382844
292363,Atmospheric physics,0.394251
292363,New York (state),0.0367169
292363,Design,0.148921
292363,Earth,0.114118
292363,Planetary boundary layer,0.0999529
292363,Earth's energy budget,0.131701
292363,Greenhouse gas emissions,0.883298
292363,Pearson plc,0.142313
292363,Entropy,0.0470023
296807,Air pollution,1.05643
296807,Climate change denial,0.445577
296807,Base (chemistry),0.276674
296807,Emergency management,0.114711
296807,Inorganic chemistry,0.0239442
296807,Numerical weather prediction,0.063696
296807,Integrated circuit,0.0289358
296807,Industrial wastewater treatment,0.198957
296807,Reaction rate constant,0.12419
296807,Sewage treatment,0.159997
296807,General circulation model,0.313845
296807,Atmospheric science,0.601812
296807,Jet stream,0.406055
296807,Rate equation,0.0729683
296807,Water resources,0.516375
296807,Exponential growth,0.26211
296807,Cloud computing,0.0852722
296807,Drinking water,0.0422676
296807,Management,0.437268
296807,Meteorology,0.455604
296807,Atmosphere of Earth,0.514575
296807,Atmosphere,0.236684
296807,Momentum,0.261483
296807,Earth science,0.13938
296807,Effects of climate change,0.288855
296807,Climate change mitigation,0.18316
296807,Global catastrophic risk,0.148133
296807,Greenhouse gas,0.0759382
296807,Understanding,0.374445
296807,Operating system,0.0420809
296807,Boundary layer,0.667458
296807,Lapse rate,0.0147734
296807,Logistic regression,0.192775
296807,Business process management,0.0622889
296807,Environmental issues,0.38778
296807,Water treatment,0.100166
296807,Project management,0.0921169
296807,Reaction rate,0.167957
296807,Knowledge,0.378772
296807,Risk,0.0613986
296807,Pollution,0.400348
296807,Observable universe,0.0609897
296807,Drinking water quality standards,0.12268
296807,Renewable energy,0.0625575
296807,Climate change feedback,0.0947256
296807,Groundwater,0.31924
296807,Risk management,0.247045
296807,Atmospheric escape,0.0633438
296807,Angular momentum,0.0872804
296807,Water quality,0.53479
296807,Water pollution,0.780682
296807,Atmospheric temperature,0.106381
296807,Environmental health,0.0884879
296807,United Nations Framework Convention on Climate Change,0.0835579
296807,Very Large Scale Integration,0.0728433
296807,Chemical process,0.438915
296807,Water,0.0870011
296807,Air pollution in India,0.255822
296807,Computer simulation,0.142351
296807,Environmental protection,0.142592
296807,Thermohaline circulation,0.180371
296807,Cyclone,0.103454
296807,Atmospheric circulation,0.0809209
296807,Scientific socialism,0.226418
296807,Groundwater pollution,0.635338
296807,Globalization,0.0908511
296807,Radiative forcing,0.0951315
296807,Aquifer,0.0112877
296807,Atmospheric pressure,0.109069
296807,Climate variability and change,0.231412
296807,Cloud,0.263752
296807,Cumulus cloud,0.312335
296807,Köppen climate classification,0.17278
296807,Extinction,0.0361826
296807,Climate change,1.71003
296807,Environmental engineering,1.66525
296807,Chemistry,0.109924
296807,Synoptic scale meteorology,0.446009
296807,General Dynamics,0.088515
296807,Lists of mathematics topics,0.10127
296807,Atmospheric thermodynamics,0.338741
296807,Energy development,0.300315
296807,Dew point,0.019802
296807,Oceanic climate,0.0796663
296807,Civil engineering,0.396477
296807,Chemical industry,0.130709
296807,Wastewater treatment,0.516234
296807,Catalysis,0.0537491
296807,Nitrogen cycle,0.0261528
296807,Climate,1.44447
296807,Groundwater recharge,0.11241
296807,Chemical engineering,0.0759207
296807,Environmental science,0.336376
296807,Mini,0.086047
296807,Conservation law,0.11291
296807,Atmospheric chemistry,0.471021
296807,Atmospheric physics,0.394251
296807,Extratropical cyclone,0.738012
296807,Tropical cyclone,0.474274
296807,Epistemology,0.0211275
296807,Engineering,0.0645787
296807,Planetary boundary layer,0.0999529
296807,Earth's energy budget,0.131701
318508,Green infrastructure,0.384139
318508,Natural resource management,0.161296
318508,Resource management,0.188551
318508,Community (ecology),0.947757
318508,Social ecological model,0.105456
318508,Climate change denial,0.228165
318508,Food web,0.0135082
318508,Infrastructure,0.204993
318508,Ecosystem ecology,0.640033
318508,Global change,0.14951
318508,Sustainability,0.370831
318508,Ecosystem service,0.239976
318508,Water resources,0.0703492
318508,Lamarckism,0.0339844
318508,Aquatic ecosystem,0.089245
318508,Water security,0.111223
318508,Effects of climate change,0.205221
318508,Climate change mitigation,0.147977
318508,Deep ecology,0.275219
318508,Sustainable agriculture,0.0552205
318508,Forest ecology,0.407004
318508,Relative species abundance,0.0730433
318508,Keystone species,0.0686707
318508,Periodic table,0.074015
318508,Environmental issues,0.467691
318508,Biological interaction,0.35935
318508,Knowledge,0.468474
318508,Scientific method,0.0708122
318508,Introduction to quantum mechanics,0.0244357
318508,Sustainable development,0.145719
318508,United Nations Framework Convention on Climate Change,0.0417947
318508,Nutrient cycle,0.522949
318508,Scientific consensus on climate change,0.0400866
318508,West Virginia,0.109666
318508,Participant observation,0.109264
318508,River ecosystem,0.0831653
318508,Climate change,0.917848
318508,Partial differential equation,0.0346719
318508,Marine ecosystem,0.426131
318508,Chemical element,0.136861
318508,Community,0.201246
318508,Crystal structure,0.134848
318508,Marine coastal ecosystem,0.165279
318508,Invasive species,0.0428402
318508,Concept,0.25839
318508,Concept map,0.123355
318508,Abundance (ecology),0.0645092
318508,Environmental degradation,0.0365408
318508,Group (periodic table),0.02281
318508,Epistemology,0.0371562
318508,Structure,0.285728
318508,Closed ecological system,0.106065
318508,Ecology,1.60385
318508,Ecosystem,1.48927
325653,Water industry,0.0591226
325653,Los Angeles,0.0350171
325653,Moroccan architecture,0.0839422
325653,Overseas France,0.0287062
325653,Circular economy,0.249018
325653,Emmanuel Macron,0.0145651
325653,Adrien-Marie Legendre,0.0200067
325653,Charles de Gaulle,0.0474248
325653,France,0.0266414
325653,Artifact (archaeology),0.0820894
